0.075758,0.075758,0.075758,0.075758,0.075758,0.075758,0.075758,0.075758,0.075758,0.075758,0.075758,0.075758,0.075758,0.075758,0.075758,0.075758,0.075758,0.075758,0.055844,0.055844,0.035498,0.035498,0.017749,0.017749,0.0077922,0.0077922,0.0077922,0.0077922,0.0077922,0.0077922,0.0077922,0.0077922,0.0077922,0.0077922,0.0077922,0.0077922,0.0064935,0.0064935,0.0060606,0.0060606,0.0051948,0.0051948,0.0047619,0.0047619,0.0030303,0.0030303,0.0008658,0.0008658,0,0,0,0,0,0,0,0,0,0,0,0,0,0,0,0,0,0,0,0,0,0,0,0,0,0,0,0,0,0,0,0,0,0,0,0,0,0,0,0,0,0,0,0,0,0,0,0,0,0,0,0,0,0,0,0,0,0,0,0,0,0,0,0,0,0,0,0,0,0,0,0,0,0,0,0,0,0,0,0,0,0,0,0,0,0,0,0,0,0,0,0,0,0,0,0,0,0,0,0,0,0,0,0,0,0,0,0,0,0,0,0,0,0,0,0,0,0,0,0,0,0,0,0,0,0,0,0,0,0,0,0,0,0,0,0,0,0,0,0,0,0,0,0,0,0,0,0,0,0,0,0,0,0,0,0,0,0,0,0,0,0,0,0,0,0,0,0,0,0,0,0,0,0,0,0,0,0,0,0,0,0,0,0,0,0,0,0,0,0,0,0,0,0,0,0,0,0,0,0,0,0,0,0,0,0,0,0,0,0,0,0,0,0,0,0,0,0
0.094118,0.094118,0.094118,0.094118,0.094118,0.094118,0.066667,0.066667,0.064706,0.064706,0.066667,0.066667,0.068627,0.068627,0.070588,0.070588,0.066667,0.066667,0.15686,0.15686,0.24902,0.24902,0.30196,0.30196,0.32157,0.32157,0.32157,0.32157,0.32157,0.32157,0.32157,0.32157,0.27843,0.27843,0.18627,0.18627,0.12157,0.12157,0.021569,0.021569,0.023529,0.023529,0.019608,0.019608,0.021569,0.021569,0.031373,0.031373,0.035294,0.035294,0.035294,0.035294,0.035294,0.035294,0.035294,0.035294,0.035294,0.035294,0.035294,0.035294,0.035294,0.035294,0.035294,0.035294,0.035294,0.035294,0.029412,0.029412,0.027451,0.027451,0.023529,0.023529,0.021569,0.021569,0.013725,0.013725,0.0039216,0.0039216,0,0,0,0,0,0,0,0,0,0,0,0,0,0,0,0,0,0,0,0,0,0,0,0,0,0,0,0,0,0,0,0,0,0,0,0,0,0,0,0,0,0,0,0,0,0,0,0,0,0,0,0,0,0,0,0,0,0,0,0,0,0,0,0,0,0,0,0,0,0,0,0,0,0,0,0,0,0,0,0,0,0,0,0,0,0,0,0,0,0,0,0,0,0,0,0,0,0,0,0,0,0,0,0,0,0,0,0,0,0,0,0,0,0,0,0,0,0,0,0,0,0,0,0,0,0,0,0,0,0,0,0,0,0,0,0,0,0,0,0,0,0,0,0,0,0,0,0,0,0,0,0,0,0,0,0,0,0,0,0,0,0,0,0,0,0,0,0,0,0,0,0,0,0,0,0,0,0,0,0,0,0,0,0,0,0,0,0
0.15447,0.15447,0.14634,0.14634,0.13008,0.13008,0.092141,0.092141,0.01897,0.01897,0.01626,0.01626,0.0081301,0.0081301,0,0,0,0,0,0,0,0,0,0,0,0,0,0,0,0,0,0,0,0,0,0,0,0,0,0,0,0,0,0,0,0,0,0,0,0,0,0,0,0,0,0,0,0,0,0,0,0,0,0,0,0,0,0,0,0,0,0,0,0,0,0,0,0,0,0,0,0,0,0,0,0,0,0,0,0,0,0,0,0,0,0,0,0,0,0,0,0,0,0,0,0,0,0,0,0,0,0,0,0,0,0,0,0,0,0,0,0,0,0,0,0,0,0,0,0,0,0,0,0,0,0,0,0,0,0,0,0,0,0,0,0,0,0,0,0,0,0,0,0,0,0,0,0,0,0,0,0,0,0,0,0,0,0,0,0,0,0,0,0,0,0,0,0,0,0,0,0,0,0,0,0,0,0,0,0,0,0,0,0,0,0,0,0,0,0,0,0,0,0,0,0,0,0,0,0,0,0,0,0,0,0,0,0,0,0,0,0,0,0,0,0,0,0,0,0,0,0,0,0,0,0,0,0,0,0,0,0,0,0,0,0,0,0,0,0,0,0,0,0,0,0,0,0,0,0,0,0,0,0,0,0
0.093333,0.093333,0.093333,0.093333,0.093333,0.093333,0.13185,0.13185,0.21778,0.21778,0.17037,0.17037,0.15111,0.15111,0.17926,0.17926,0.22815,0.22815,0.30222,0.30222,0.36296,0.36296,0.31259,0.31259,0.34815,0.34815,0.38963,0.38963,0.40444,0.40444,0.4163,0.4163,0.37778,0.37778,0.4237,0.4237,0.34963,0.34963,0.33037,0.33037,0.4,0.4,0.34963,0.34963,0.38667,0.38667,0.3763,0.3763,0.34074,0.34074,0.35852,0.35852,0.36,0.36,0.27111,0.27111,0.23704,0.23704,0.15259,0.15259,0.096296,0.096296,0.088889,0.088889,0.087407,0.087407,0.10222,0.10222,0.13037,0.13037,0.16593,0.16593,0.16148,0.16148,0.16444,0.16444,0.14519,0.14519,0.11704,0.11704,0.091852,0.091852,0.06963,0.06963,0.045926,0.045926,0.08,0.08,0.11259,0.11259,0.13926,0.13926,0.1437,0.1437,0.14815,0.14815,0.1437,0.1437,0.1437,0.1437,0.11111,0.11111,0.075556,0.075556,0.044444,0.044444,0.042963,0.042963,0.037037,0.037037,0.034074,0.034074,0.031111,0.031111,0.023704,0.023704,0.023704,0.023704,0.026667,0.026667,0.028148,0.028148,0.028148,0.028148,0.026667,0.026667,0.025185,0.025185,0.022222,0.022222,0.016296,0.016296,0.013333,0.013333,0.013333,0.013333,0.013333,0.013333,0.013333,0.013333,0.013333,0.013333,0.013333,0.013333,0.013333,0.013333,0.013333,0.013333,0.01037,0.01037,0.0074074,0.0074074,0.002963,0.002963,0,0,0,0,0,0,0,0,0,0,0,0,0,0,0,0,0.0014815,0.0014815,0.002963,0.002963,0.0044444,0.0044444,0.0059259,0.0059259,0.01037,0.01037,0.013333,0.013333,0.014815,0.014815,0.014815,0.014815,0.014815,0.014815,0.014815,0.014815,0.014815,0.014815,0.014815,0.014815,0.014815,0.014815,0.014815,0.014815,0.014815,0.014815,0.013333,0.013333,0.011852,0.011852,0.01037,0.01037,0.0088889,0.0088889,0.0044444,0.0044444,0.0014815,0.0014815,0,0,0,0,0,0,0,0,0,0,0,0,0,0,0,0,0,0,0,0,0,0,0,0,0,0,0,0,0,0,0,0,0,0,0,0,0,0,0,0,0,0,0,0,0,0,0,0,0,0,0,0,0,0
0.15,0.15,0.14444,0.14444,0.20833,0.20833,0.28056,0.28056,0.30556,0.30556,0.34444,0.34444,0.47778,0.47778,0.46111,0.46111,0.40278,0.40278,0.31389,0.31389,0.26944,0.26944,0.21111,0.21111,0.19722,0.19722,0.19444,0.19444,0.19167,0.19167,0.19444,0.19444,0.20278,0.20278,0.21111,0.21111,0.21389,0.21389,0.21667,0.21667,0.20833,0.20833,0.20278,0.20278,0.19722,0.19722,0.19722,0.19722,0.2,0.2,0.20556,0.20556,0.20556,0.20556,0.20278,0.20278,0.19167,0.19167,0.18611,0.18611,0.25,0.25,0.30556,0.30556,0.375,0.375,0.36389,0.36389,0.40556,0.40556,0.36667,0.36667,0.31944,0.31944,0.26111,0.26111,0.29167,0.29167,0.25833,0.25833,0.25556,0.25556,0.25,0.25,0.23889,0.23889,0.22778,0.22778,0.23056,0.23056,0.21667,0.21667,0.19722,0.19722,0.17222,0.17222,0.13889,0.13889,0.125,0.125,0.13056,0.13056,0.12778,0.12778,0.13333,0.13333,0.13611,0.13611,0.13889,0.13889,0.14167,0.14167,0.13611,0.13611,0.13611,0.13611,0.13889,0.13889,0.13611,0.13611,0.13333,0.13333,0.13333,0.13333,0.13611,0.13611,0.13611,0.13611,0.13611,0.13611,0.13333,0.13333,0.14167,0.14167,0.13889,0.13889,0.13889,0.13889,0.20556,0.20556,0.28889,0.28889,0.36944,0.36944,0.40556,0.40556,0.38056,0.38056,0.31667,0.31667,0.23056,0.23056,0.15556,0.15556,0.12778,0.12778,0.15,0.15,0.15556,0.15556,0.18333,0.18333,0.16667,0.16667,0.15833,0.15833,0.13333,0.13333,0.097222,0.097222,0.066667,0.066667,0.047222,0.047222,0.025,0.025,0.022222,0.022222,0.0027778,0.0027778,0,0,0,0,0,0,0,0,0,0,0,0,0,0,0,0,0,0,0,0,0,0,0,0,0,0,0,0,0,0,0,0,0,0,0,0,0,0,0,0,0,0,0,0,0,0,0,0,0,0,0,0,0,0,0,0,0,0,0,0,0,0,0,0,0,0,0,0,0,0,0,0,0,0,0,0,0,0,0,0,0,0,0,0,0,0
0.14607,0.14607,0.13608,0.13608,0.13858,0.13858,0.12859,0.12859,0.12484,0.12484,0.17478,0.17478,0.22222,0.22222,0.27341,0.27341,0.26467,0.26467,0.22971,0.22971,0.2035,0.2035,0.21099,0.21099,0.18851,0.18851,0.17603,0.17603,0.14482,0.14482,0.18102,0.18102,0.23471,0.23471,0.21223,0.21223,0.20849,0.20849,0.22472,0.22472,0.1573,0.1573,0.15106,0.15106,0.086142,0.086142,0.066167,0.066167,0.057428,0.057428,0.037453,0.037453,0.03995,0.03995,0.097378,0.097378,0.12235,0.12235,0.13608,0.13608,0.1623,0.1623,0.12609,0.12609,0.098627,0.098627,0.077403,0.077403,0.053683,0.053683,0.024969,0.024969,0.021223,0.021223,0.019975,0.019975,0.052434,0.052434,0.077403,0.077403,0.098627,0.098627,0.10112,0.10112,0.097378,0.097378,0.068664,0.068664,0.041199,0.041199,0.018727,0.018727,0.014981,0.014981,0.011236,0.011236,0.011236,0.011236,0.0087391,0.0087391,0.0074906,0.0074906,0.0074906,0.0074906,0.011236,0.011236,0.014981,0.014981,0.01623,0.01623,0.01623,0.01623,0.01623,0.01623,0.014981,0.014981,0.014981,0.014981,0.011236,0.011236,0.0087391,0.0087391,0.0049938,0.0049938,0.0012484,0.0012484,0,0,0,0,0,0,0,0,0,0,0,0,0,0,0,0,0,0,0,0,0,0,0,0,0,0,0.0012484,0.0012484,0.0024969,0.0024969,0.0037453,0.0037453,0.0049938,0.0049938,0.0087391,0.0087391,0.011236,0.011236,0.012484,0.012484,0.012484,0.012484,0.012484,0.012484,0.011236,0.011236,0.0099875,0.0099875,0.0087391,0.0087391,0.0074906,0.0074906,0.0037453,0.0037453,0.0012484,0.0012484,0,0,0,0,0,0,0,0,0,0,0,0,0,0,0,0,0,0,0,0,0,0,0,0,0,0,0,0,0,0,0,0,0,0,0,0,0,0,0,0,0,0,0,0,0,0,0,0,0,0,0,0,0,0,0,0,0,0,0,0,0,0,0,0,0,0,0,0,0,0,0,0,0,0,0,0,0,0,0,0,0,0,0,0
0.089362,0.089362,0.093617,0.093617,0.10213,0.10213,0.04539,0.04539,0.019858,0.019858,0.019858,0.019858,0.017021,0.017021,0.015603,0.015603,0.014184,0.014184,0.0070922,0.0070922,0.0014184,0.0014184,0.0014184,0.0014184,0.0014184,0.0014184,0.0014184,0.0014184,0.0014184,0.0014184,0.0014184,0.0014184,0.0014184,0.0014184,0.0014184,0.0014184,0.0014184,0.0014184,0,0,0,0,0,0,0,0,0,0,0,0,0,0,0,0,0,0,0,0,0,0,0,0,0,0,0,0,0,0,0,0,0,0,0,0,0,0,0,0,0,0,0,0,0,0,0,0,0,0,0,0,0,0,0,0,0,0,0,0,0,0,0,0,0,0,0,0,0,0,0,0,0,0,0,0,0,0,0,0,0,0,0,0,0,0,0,0,0,0,0,0,0,0,0,0,0,0,0,0,0,0,0,0,0,0,0,0,0,0,0,0,0,0,0,0,0,0,0,0,0,0,0,0,0,0,0,0,0,0,0,0,0,0,0,0,0,0,0,0,0,0,0,0,0,0,0,0,0,0,0,0,0,0,0,0,0,0,0,0,0,0,0,0,0,0,0,0,0,0,0,0,0,0,0,0,0,0,0,0,0,0,0,0,0,0,0,0,0,0,0,0,0,0,0,0,0,0,0,0,0,0,0,0,0,0,0,0,0,0,0,0,0,0,0,0,0,0,0,0,0,0,0,0,0,0,0,0
0.089362,0.089362,0.092199,0.092199,0.099291,0.099291,0.097872,0.097872,0.095035,0.095035,0.095035,0.095035,0.029787,0.029787,0.029787,0.029787,0.02695,0.02695,0.029787,0.029787,0.021277,0.021277,0.012766,0.012766,0.012766,0.012766,0.012766,0.012766,0.012766,0.012766,0.012766,0.012766,0.0085106,0.0085106,0,0,0,0,0.0014184,0.0014184,0.0014184,0.0014184,0.0014184,0.0014184,0.0014184,0.0014184,0.0014184,0.0014184,0.0014184,0.0014184,0.0014184,0.0014184,0.0014184,0.0014184,0.0014184,0.0014184,0.0014184,0.0014184,0.0014184,0.0014184,0.0014184,0.0014184,0.0014184,0.0014184,0.0014184,0.0014184,0.0014184,0.0014184,0,0,0,0,0,0,0,0,0,0,0,0,0,0,0,0,0,0,0,0,0,0,0,0,0,0,0,0,0,0,0,0,0,0,0,0,0,0,0,0,0,0,0,0,0,0,0,0,0,0,0,0,0,0,0,0,0,0,0,0,0,0,0,0,0,0,0,0,0,0,0,0,0,0,0,0,0,0,0,0,0,0,0,0,0,0,0,0,0,0,0,0,0,0,0,0,0,0,0,0,0,0,0,0,0,0,0,0,0,0,0,0,0,0,0,0,0,0,0,0,0,0,0,0,0,0,0,0,0,0,0,0,0,0,0,0,0,0,0,0,0,0,0,0,0,0,0,0,0,0,0,0,0,0,0,0,0,0,0,0,0,0,0,0,0,0,0,0,0,0,0,0,0,0,0,0,0,0,0,0,0,0,0,0,0,0,0,0,0,0,0,0,0,0,0,0,0,0
0,0,0.7,0.7,0.45,0.45,0.45,0.45,0.8,0.8,0.45,0.45,0.85,0.85,0.9,0.9,0.9,0.9,0.9,0.9,0.9,0.9,0.85,0.85,0.9,0.9,0.9,0.9,0.9,0.9,0.9,0.9,0.9,0.9,0.8,0.8,0.9,0.9,0.9,0.9,0.9,0.9,0.9,0.9,0.9,0.9,0.9,0.9,0.9,0.9,0.9,0.9,0.9,0.9,0.9,0.9,0.9,0.9,0.8,0.8,0.35,0.35,0.65,0.65,0.9,0.9,0.85,0.85,0.9,0.9,0.9,0.9,0.9,0.9,0.9,0.9,0.9,0.9,0.9,0.9,0.9,0.9,0.9,0.9,0.9,0.9,0.9,0.9,0.5,0.5,0.45,0.45,0.45,0.45,0.45,0.45,0.5,0.5,0.7,0.7,0.5,0.5,0.55,0.55,0.45,0.45,0.45,0.45,0.45,0.45,0.45,0.45,0.55,0.55,0.6,0.6,0.55,0.55,0.45,0.45,0.45,0.45,0.5,0.5,0.5,0.5,0.5,0.5,0.5,0.5,0.65,0.65,0.45,0.45,0.45,0.45,0.25,0.25,0.5,0.5,0.65,0.65,0.7,0.7,0.55,0.55,0.9,0.9,0.9,0.9,0.9,0.9,0.75,0.75,0.45,0.45,0.5,0.5,0.6,0.6,0.05,0.05,0,0,0,0,0,0,0,0,0,0,0,0,0,0,0,0,0,0,0,0,0,0,0,0,0,0,0,0,0,0,0,0,0,0,0,0,0,0,0,0,0,0,0,0,0,0,0,0,0,0,0,0,0,0,0,0,0,0,0,0,0,0,0,0,0,0,0,0,0,0,0,0,0,0,0,0,0,0,0,0,0,0,0,0,0,0,0,0,0,0,0,0,0,0,0,0,0,0,0,0,0,0,0,0
0.075163,0.075163,0.075163,0.075163,0.075163,0.075163,0.075163,0.075163,0.10703,0.10703,0.091503,0.091503,0.055556,0.055556,0.066993,0.066993,0.068627,0.068627,0.071078,0.071078,0.071895,0.071895,0.066993,0.066993,0.065359,0.065359,0.065359,0.065359,0.065359,0.065359,0.065359,0.065359,0.033497,0.033497,0.017157,0.017157,0.017157,0.017157,0.005719,0.005719,0.005719,0.005719,0.005719,0.005719,0.005719,0.005719,0.005719,0.005719,0.005719,0.005719,0.005719,0.005719,0.005719,0.005719,0.005719,0.005719,0.005719,0.005719,0.005719,0.005719,0.005719,0.005719,0.005719,0.005719,0.004085,0.004085,0.001634,0.001634,0,0,0,0,0,0,0,0,0,0,0,0,0,0,0,0,0,0,0,0,0,0,0,0,0,0,0,0,0,0,0,0,0,0,0,0,0,0,0,0,0,0,0,0,0,0,0,0,0,0,0,0,0,0,0,0,0,0,0,0,0,0,0,0,0,0,0,0,0,0,0,0,0,0,0,0,0,0,0,0,0,0,0,0,0,0,0,0,0,0,0,0,0,0,0,0,0,0,0,0,0,0,0,0,0,0,0,0,0,0,0,0,0,0,0,0,0,0,0,0,0,0,0,0,0,0,0,0,0,0,0,0,0,0,0,0,0,0,0,0,0,0,0,0,0,0,0,0,0,0,0,0,0,0,0,0,0,0,0,0,0,0,0,0,0,0,0,0,0,0,0,0,0,0,0,0,0,0,0,0,0,0,0,0,0,0,0,0,0,0,0,0,0,0,0,0,0,0
0.0875,0.0875,0.1,0.1,0.20781,0.20781,0.22812,0.22812,0.175,0.175,0.20781,0.20781,0.2375,0.2375,0.18594,0.18594,0.19219,0.19219,0.18125,0.18125,0.19844,0.19844,0.20469,0.20469,0.14219,0.14219,0.125,0.125,0.11875,0.11875,0.095312,0.095312,0.067187,0.067187,0.082812,0.082812,0.06875,0.06875,0.06875,0.06875,0.05,0.05,0.057813,0.057813,0.085938,0.085938,0.11875,0.11875,0.14062,0.14062,0.17031,0.17031,0.15156,0.15156,0.11563,0.11563,0.089063,0.089063,0.073438,0.073438,0.04375,0.04375,0.078125,0.078125,0.084375,0.084375,0.1125,0.1125,0.14219,0.14219,0.16562,0.16562,0.15625,0.15625,0.12656,0.12656,0.085938,0.085938,0.05,0.05,0.021875,0.021875,0.017188,0.017188,0.017188,0.017188,0.01875,0.01875,0.014063,0.014063,0.014063,0.014063,0.014063,0.014063,0.014063,0.014063,0.014063,0.014063,0.014063,0.014063,0.010937,0.010937,0.0078125,0.0078125,0.003125,0.003125,0,0,0,0,0,0,0,0,0.0015625,0.0015625,0.0015625,0.0015625,0.003125,0.003125,0.003125,0.003125,0.003125,0.003125,0.0046875,0.0046875,0.00625,0.00625,0.00625,0.00625,0.00625,0.00625,0.0078125,0.0078125,0.0078125,0.0078125,0.009375,0.009375,0.009375,0.009375,0.014063,0.014063,0.017188,0.017188,0.017188,0.017188,0.015625,0.015625,0.015625,0.015625,0.015625,0.015625,0.014063,0.014063,0.0125,0.0125,0.010937,0.010937,0.009375,0.009375,0.0046875,0.0046875,0.0015625,0.0015625,0,0,0,0,0,0,0,0,0,0,0,0,0,0,0,0,0,0,0,0,0,0,0,0,0,0,0,0,0,0,0,0,0,0,0,0,0,0,0,0,0,0,0,0,0,0,0,0,0,0,0,0,0,0,0,0,0,0,0,0,0,0,0,0,0,0,0,0,0,0,0,0,0,0,0,0,0,0,0,0,0,0,0,0,0,0,0,0,0,0,0,0,0,0,0,0,0,0,0,0,0,0
0.08381,0.08381,0.08381,0.08381,0.08381,0.08381,0.08381,0.08381,0.04,0.04,0.020952,0.020952,0.020952,0.020952,0.007619,0.007619,0.0057143,0.0057143,0.0019048,0.0019048,0,0,0,0,0,0,0,0,0,0,0,0,0,0,0,0,0,0,0,0,0,0,0,0,0,0,0,0,0,0,0,0,0,0,0,0,0,0,0,0,0,0,0,0,0,0,0,0,0,0,0,0,0,0,0,0,0,0,0,0,0,0,0,0,0,0,0,0,0,0,0,0,0,0,0,0,0,0,0,0,0,0,0,0,0,0,0,0,0,0,0,0,0,0,0,0,0,0,0,0,0,0,0,0,0,0,0,0,0,0,0,0,0,0,0,0,0,0,0,0,0,0,0,0,0,0,0,0,0,0,0,0,0,0,0,0,0,0,0,0,0,0,0,0,0,0,0,0,0,0,0,0,0,0,0,0,0,0,0,0,0,0,0,0,0,0,0,0,0,0,0,0,0,0,0,0,0,0,0,0,0,0,0,0,0,0,0,0,0,0,0,0,0,0,0,0,0,0,0,0,0,0,0,0,0,0,0,0,0,0,0,0,0,0,0,0,0,0,0,0,0,0,0,0,0,0,0,0,0,0,0,0,0,0,0,0,0,0,0,0,0,0,0,0,0,0
0.10311,0.10311,0.10311,0.10311,0.099836,0.099836,0.04419,0.04419,0.0491,0.0491,0.0491,0.0491,0.03928,0.03928,0.036007,0.036007,0.036007,0.036007,0.047463,0.047463,0.045827,0.045827,0.042553,0.042553,0.047463,0.047463,0.0081833,0.0081833,0.047463,0.047463,0.086743,0.086743,0.12275,0.12275,0.11784,0.11784,0.11457,0.11457,0.11457,0.11457,0.11457,0.11457,0.075286,0.075286,0.036007,0.036007,0,0,0,0,0,0,0,0,0,0,0.0016367,0.0016367,0.0032733,0.0032733,0.0065466,0.0065466,0.0081833,0.0081833,0.01473,0.01473,0.01964,0.01964,0.021277,0.021277,0.021277,0.021277,0.021277,0.021277,0.021277,0.021277,0.021277,0.021277,0.021277,0.021277,0.021277,0.021277,0.01964,0.01964,0.018003,0.018003,0.01473,0.01473,0.013093,0.013093,0.0065466,0.0065466,0.0016367,0.0016367,0,0,0,0,0,0,0,0,0,0,0,0,0,0,0,0,0,0,0,0,0,0,0,0,0,0,0,0,0,0,0,0,0,0,0,0,0,0,0,0,0,0,0,0,0,0,0,0,0,0,0,0,0,0,0,0,0,0,0,0,0,0,0,0,0,0,0,0,0,0,0,0,0,0,0,0,0,0,0,0,0,0,0,0,0,0,0,0,0,0,0,0,0,0,0,0,0,0,0,0,0,0,0,0,0,0,0,0,0,0,0,0,0,0,0,0,0,0,0,0,0,0,0,0,0,0,0,0,0,0,0,0,0,0,0,0,0,0,0,0,0,0,0,0,0,0,0,0,0,0,0,0,0,0,0,0,0,0,0,0,0,0,0,0,0,0,0,0,0,0,0,0
0.092683,0.092683,0.092683,0.092683,0.012195,0.012195,0.012195,0.012195,0.004878,0.004878,0,0,0,0,0,0,0,0,0.058537,0.058537,0.11707,0.11707,0.17073,0.17073,0.17073,0.17073,0.17073,0.17073,0.1122,0.1122,0.053659,0.053659,0,0,0,0,0.002439,0.002439,0.004878,0.004878,0.0097561,0.0097561,0.012195,0.012195,0.021951,0.021951,0.029268,0.029268,0.031707,0.031707,0.031707,0.031707,0.031707,0.031707,0.031707,0.031707,0.029268,0.029268,0.026829,0.026829,0.021951,0.021951,0.019512,0.019512,0.0097561,0.0097561,0.002439,0.002439,0,0,0,0,0,0,0,0,0,0,0,0,0,0,0,0,0,0,0,0,0,0,0,0,0,0,0,0,0,0,0,0,0,0,0,0,0,0,0,0,0,0,0,0,0,0,0,0,0,0,0,0,0,0,0,0,0,0,0,0,0,0,0,0,0,0,0,0,0,0,0,0,0,0,0,0,0,0,0,0,0,0,0,0,0,0,0,0,0,0,0,0,0,0,0,0,0,0,0,0,0,0,0,0,0,0,0,0,0,0,0,0,0,0,0,0,0,0,0,0,0,0,0,0,0,0,0,0,0,0,0,0,0,0,0,0,0,0,0,0,0,0,0,0,0,0,0,0,0,0,0,0,0,0,0,0,0,0,0,0,0,0,0,0,0,0,0,0,0,0,0,0,0,0,0,0,0,0,0,0,0,0,0,0,0,0,0,0,0,0,0,0,0,0,0,0,0,0
0.089362,0.089362,0.089362,0.089362,0.16596,0.16596,0.16028,0.16028,0.11773,0.11773,0.12057,0.12057,0.12624,0.12624,0.14326,0.14326,0.16028,0.16028,0.1844,0.1844,0.14326,0.14326,0.14894,0.14894,0.17872,0.17872,0.21277,0.21277,0.21277,0.21277,0.19574,0.19574,0.15177,0.15177,0.12199,0.12199,0.092199,0.092199,0.060993,0.060993,0.024113,0.024113,0.049645,0.049645,0.080851,0.080851,0.11206,0.11206,0.11206,0.11206,0.11206,0.11206,0.11206,0.11206,0.11206,0.11206,0.078014,0.078014,0.043972,0.043972,0.0099291,0.0099291,0.0070922,0.0070922,0.0028369,0.0028369,0,0,0,0,0,0,0,0,0,0,0,0,0,0,0,0,0.0014184,0.0014184,0.0028369,0.0028369,0.0056738,0.0056738,0.0070922,0.0070922,0.012766,0.012766,0.017021,0.017021,0.01844,0.01844,0.01844,0.01844,0.01844,0.01844,0.01844,0.01844,0.01844,0.01844,0.01844,0.01844,0.01844,0.01844,0.01844,0.01844,0.01844,0.01844,0.017021,0.017021,0.015603,0.015603,0.012766,0.012766,0.011348,0.011348,0.0056738,0.0056738,0.0014184,0.0014184,0,0,0,0,0,0,0,0,0,0,0,0,0,0,0,0,0,0,0,0,0,0,0,0,0,0,0,0,0,0,0,0,0,0,0,0,0,0,0,0,0,0,0,0,0,0,0,0,0,0,0,0,0,0,0,0,0,0,0,0,0,0,0,0,0,0,0,0,0,0,0,0,0,0,0,0,0,0,0,0,0,0,0,0,0,0,0,0,0,0,0,0,0,0,0,0,0,0,0,0,0,0,0,0,0,0,0,0,0,0,0,0,0,0,0,0,0,0,0,0,0,0,0,0,0,0,0,0,0,0,0,0,0,0,0,0,0,0,0,0,0,0
0.090476,0.090476,0.090476,0.090476,0.035714,0.035714,0.07381,0.07381,0.071429,0.071429,0.07619,0.07619,0.080952,0.080952,0.047619,0.047619,0.0095238,0.0095238,0.0095238,0.0095238,0.0095238,0.0095238,0.0095238,0.0095238,0.0095238,0.0095238,0.0095238,0.0095238,0.0095238,0.0095238,0.0047619,0.0047619,0,0,0,0,0,0,0,0,0,0,0,0,0,0,0,0,0,0,0,0,0,0,0,0,0,0,0,0,0,0,0,0,0,0,0,0,0,0,0,0,0,0,0,0,0,0,0,0,0,0,0,0,0,0,0,0,0,0,0,0,0,0,0,0,0,0,0,0,0,0,0,0,0,0,0,0,0,0,0,0,0,0,0,0,0,0,0,0,0,0,0,0,0,0,0,0,0,0,0,0,0,0,0,0,0,0,0,0,0,0,0,0,0,0,0,0,0,0,0,0,0,0,0,0,0,0,0,0,0,0,0,0,0,0,0,0,0,0,0,0,0,0,0,0,0,0,0,0,0,0,0,0,0,0,0,0,0,0,0,0,0,0,0,0,0,0,0,0,0,0,0,0,0,0,0,0,0,0,0,0,0,0,0,0,0,0,0,0,0,0,0,0,0,0,0,0,0,0,0,0,0,0,0,0,0,0,0,0,0,0,0,0,0,0,0,0,0,0,0,0,0,0,0,0,0,0,0,0,0,0,0,0,0,0
0.075269,0.075269,0.075269,0.075269,0.075269,0.075269,0.075269,0.075269,0.079973,0.079973,0.047715,0.047715,0.012769,0.012769,0.012769,0.012769,0.012769,0.012769,0.013441,0.013441,0.010081,0.010081,0.0080645,0.0080645,0.0073925,0.0073925,0.0053763,0.0053763,0.0053763,0.0053763,0.0053763,0.0053763,0.00067204,0.00067204,0.00067204,0.00067204,0.00067204,0.00067204,0.00067204,0.00067204,0.00067204,0.00067204,0.00067204,0.00067204,0.00067204,0.00067204,0.00067204,0.00067204,0.00067204,0.00067204,0.00067204,0.00067204,0.00067204,0.00067204,0.00067204,0.00067204,0.00067204,0.00067204,0.00067204,0.00067204,0.00067204,0.00067204,0.00067204,0.00067204,0.00067204,0.00067204,0,0,0,0,0,0,0,0,0,0,0,0,0,0,0,0,0,0,0,0,0,0,0,0,0,0,0,0,0,0,0,0,0,0,0,0,0,0,0,0,0,0,0,0,0,0,0,0,0,0,0,0,0,0,0,0,0,0,0,0,0,0,0,0,0,0,0,0,0,0,0,0,0,0,0,0,0,0,0,0,0,0,0,0,0,0,0,0,0,0,0,0,0,0,0,0,0,0,0,0,0,0,0,0,0,0,0,0,0,0,0,0,0,0,0,0,0,0,0,0,0,0,0,0,0,0,0,0,0,0,0,0,0,0,0,0,0,0,0,0,0,0,0,0,0,0,0,0,0,0,0,0,0,0,0,0,0,0,0,0,0,0,0,0,0,0,0,0,0,0,0,0,0,0,0,0,0,0,0,0,0,0,0,0,0,0,0,0,0,0,0,0,0,0,0,0,0,0,0,0
0.089362,0.089362,0.089362,0.089362,0.006383,0.006383,0.020213,0.020213,0.015957,0.015957,0.01383,0.01383,0.014894,0.014894,0.019149,0.019149,0.0085106,0.0085106,0.0085106,0.0085106,0.0085106,0.0085106,0.0085106,0.0085106,0.0085106,0.0085106,0.0085106,0.0085106,0.0085106,0.0085106,0.0085106,0.0085106,0.0074468,0.0074468,0.0031915,0.0031915,0,0,0,0,0,0,0,0,0,0,0,0,0,0,0,0,0,0,0,0,0,0,0,0,0,0,0,0,0,0,0,0,0,0,0,0,0,0,0,0,0,0,0,0,0,0,0,0,0,0,0,0,0,0,0,0,0,0,0,0,0,0,0,0,0,0,0,0,0,0,0,0,0,0,0,0,0,0,0,0,0,0,0,0,0,0,0,0,0,0,0,0,0,0,0,0,0,0,0,0,0,0,0,0,0,0,0,0,0,0,0,0,0,0,0,0,0,0,0,0,0,0,0,0,0,0,0,0,0,0,0,0,0,0,0,0,0,0,0,0,0,0,0,0,0,0,0,0,0,0,0,0,0,0,0,0,0,0,0,0,0,0,0,0,0,0,0,0,0,0,0,0,0,0,0,0,0,0,0,0,0,0,0,0,0,0,0,0,0,0,0,0,0,0,0,0,0,0,0,0,0,0,0,0,0,0,0,0,0,0,0,0,0,0,0,0,0,0,0,0,0,0,0,0,0,0,0,0,0,0
0.0875,0.0875,0.0875,0.0875,0.12656,0.12656,0.18594,0.18594,0.23438,0.23438,0.25312,0.25312,0.29688,0.29688,0.25,0.25,0.20312,0.20312,0.15156,0.15156,0.18125,0.18125,0.17344,0.17344,0.17188,0.17188,0.15625,0.15625,0.15,0.15,0.090625,0.090625,0.11719,0.11719,0.15469,0.15469,0.18906,0.18906,0.22344,0.22344,0.23438,0.23438,0.19531,0.19531,0.15625,0.15625,0.1,0.1,0.067187,0.067187,0.029687,0.029687,0.028125,0.028125,0.021875,0.021875,0.054688,0.054688,0.090625,0.090625,0.125,0.125,0.11875,0.11875,0.12031,0.12031,0.0875,0.0875,0.05,0.05,0.015625,0.015625,0.015625,0.015625,0.015625,0.015625,0.015625,0.015625,0.015625,0.015625,0.0125,0.0125,0.009375,0.009375,0.0046875,0.0046875,0,0,0,0,0,0,0,0,0,0,0,0,0,0,0,0,0,0,0,0,0,0,0,0,0,0,0.0015625,0.0015625,0.003125,0.003125,0.00625,0.00625,0.0078125,0.0078125,0.014063,0.014063,0.01875,0.01875,0.020313,0.020313,0.020313,0.020313,0.020313,0.020313,0.020313,0.020313,0.01875,0.01875,0.017188,0.017188,0.014063,0.014063,0.0125,0.0125,0.00625,0.00625,0.0015625,0.0015625,0,0,0,0,0,0,0,0,0,0,0,0,0,0,0,0,0,0,0,0,0,0,0,0,0,0,0,0,0,0,0,0,0,0,0,0,0,0,0,0,0,0,0,0,0,0,0,0,0,0,0,0,0,0,0,0,0,0,0,0,0,0,0,0,0,0,0,0,0,0,0,0,0,0,0,0,0,0,0,0,0,0,0,0,0,0,0,0,0,0,0,0,0,0,0,0,0,0,0,0,0,0,0,0,0,0,0,0,0,0,0,0,0,0,0,0,0,0,0,0,0,0
0.073996,0.073996,0.073996,0.073996,0.073996,0.073996,0.073996,0.073996,0.073996,0.073996,0.073996,0.073996,0.073996,0.073996,0.073996,0.073996,0.073996,0.073996,0.0537,0.0537,0.033827,0.033827,0.015645,0.015645,0.0054968,0.0054968,0.0054968,0.0054968,0.0054968,0.0054968,0.0054968,0.0054968,0.0054968,0.0054968,0.0054968,0.0054968,0.005074,0.005074,0.0046512,0.0046512,0.0038055,0.0038055,0.0033827,0.0033827,0.0016913,0.0016913,0.00042283,0.00042283,0,0,0,0,0,0,0,0,0,0,0,0,0,0,0,0,0,0,0,0,0,0,0,0,0,0,0,0,0,0,0,0,0,0,0,0,0,0,0,0,0,0,0,0,0,0,0,0,0,0,0,0,0,0,0,0,0,0,0,0,0,0,0,0,0,0,0,0,0,0,0,0,0,0,0,0,0,0,0,0,0,0,0,0,0,0,0,0,0,0,0,0,0,0,0,0,0,0,0,0,0,0,0,0,0,0,0,0,0,0,0,0,0,0,0,0,0,0,0,0,0,0,0,0,0,0,0,0,0,0,0,0,0,0,0,0,0,0,0,0,0,0,0,0,0,0,0,0,0,0,0,0,0,0,0,0,0,0,0,0,0,0,0,0,0,0,0,0,0,0,0,0,0,0,0,0,0,0,0,0,0,0,0,0,0,0,0,0,0,0,0,0,0,0,0,0,0,0,0,0,0,0,0,0,0,0,0,0,0,0,0,0,0,0,0,0,0,0
0.10549,0.10549,0.10549,0.10549,0.074725,0.074725,0.0087912,0.0087912,0.0087912,0.0087912,0.0043956,0.0043956,0,0,0,0,0,0,0,0,0,0,0,0,0,0,0,0,0,0,0,0,0,0,0,0,0,0,0,0,0,0,0,0,0,0,0,0,0,0,0,0,0,0,0,0,0,0,0,0,0,0,0,0,0,0,0,0,0,0,0,0,0,0,0,0,0,0,0,0,0,0,0,0,0,0,0,0,0,0,0,0,0,0,0,0,0,0,0,0,0,0,0,0,0,0,0,0,0,0,0,0,0,0,0,0,0,0,0,0,0,0,0,0,0,0,0,0,0,0,0,0,0,0,0,0,0,0,0,0,0,0,0,0,0,0,0,0,0,0,0,0,0,0,0,0,0,0,0,0,0,0,0,0,0,0,0,0,0,0,0,0,0,0,0,0,0,0,0,0,0,0,0,0,0,0,0,0,0,0,0,0,0,0,0,0,0,0,0,0,0,0,0,0,0,0,0,0,0,0,0,0,0,0,0,0,0,0,0,0,0,0,0,0,0,0,0,0,0,0,0,0,0,0,0,0,0,0,0,0,0,0,0,0,0,0,0,0,0,0,0,0,0,0,0,0,0,0,0,0,0,0,0,0,0,0
0.091892,0.091892,0.091892,0.091892,0.091892,0.091892,0.03964,0.03964,0.014414,0.014414,0.014414,0.014414,0.012613,0.012613,0.0054054,0.0054054,0,0,0,0,0,0,0,0,0,0,0,0,0,0,0,0,0,0,0,0,0,0,0,0,0,0,0,0,0,0,0,0,0,0,0,0,0,0,0,0,0,0,0,0,0,0,0,0,0,0,0,0,0,0,0,0,0,0,0,0,0,0,0,0,0,0,0,0,0,0,0,0,0,0,0,0,0,0,0,0,0,0,0,0,0,0,0,0,0,0,0,0,0,0,0,0,0,0,0,0,0,0,0,0,0,0,0,0,0,0,0,0,0,0,0,0,0,0,0,0,0,0,0,0,0,0,0,0,0,0,0,0,0,0,0,0,0,0,0,0,0,0,0,0,0,0,0,0,0,0,0,0,0,0,0,0,0,0,0,0,0,0,0,0,0,0,0,0,0,0,0,0,0,0,0,0,0,0,0,0,0,0,0,0,0,0,0,0,0,0,0,0,0,0,0,0,0,0,0,0,0,0,0,0,0,0,0,0,0,0,0,0,0,0,0,0,0,0,0,0,0,0,0,0,0,0,0,0,0,0,0,0,0,0,0,0,0,0,0,0,0,0,0,0,0,0,0,0,0,0
0,0,0.55,0.55,0.6,0.6,0.8,0.8,0.2,0.2,0.7,0.7,0.65,0.65,0.6,0.6,0.8,0.8,0.9,0.9,0.9,0.9,0.45,0.45,0.4,0.4,0.3,0.3,0.3,0.3,0.85,0.85,0.9,0.9,0.25,0.25,0,0,0,0,0.4,0.4,0.75,0.75,0.7,0.7,0.75,0.75,0.2,0.2,0.15,0.15,0,0,0.05,0.05,0.05,0.05,0,0,0,0,0.1,0.1,0.1,0.1,0.2,0.2,0.4,0.4,0.35,0.35,0.25,0.25,0.8,0.8,0,0,0,0,0.05,0.05,0.1,0.1,0.1,0.1,0.15,0.15,0.25,0.25,0.15,0.15,0,0,0,0,0,0,0,0,0,0,0,0,0,0,0,0,0,0,0,0,0,0,0,0,0,0,0,0,0,0,0,0,0,0,0,0,0,0,0,0,0,0,0.05,0.05,0.1,0.1,0.1,0.1,0.1,0.1,0.1,0.1,0.1,0.1,0.1,0.1,0.05,0.05,0,0,0,0,0,0,0,0,0,0,0,0,0,0,0,0,0,0,0,0,0,0,0,0,0,0,0,0,0,0,0,0,0,0,0,0,0,0,0,0,0,0,0,0,0,0,0,0,0,0,0,0,0,0,0,0,0,0,0,0,0,0,0,0,0,0,0,0,0,0,0,0,0,0,0,0,0,0,0,0,0,0,0,0,0,0,0,0,0,0,0,0,0,0,0,0,0,0,0,0,0,0,0,0,0,0,0,0,0,0,0,0,0,0,0,0
0.075758,0.075758,0.075758,0.075758,0.075758,0.075758,0.075758,0.075758,0.075758,0.075758,0.075758,0.075758,0.075758,0.075758,0.075758,0.075758,0.075758,0.075758,0.055411,0.055411,0.034632,0.034632,0.015584,0.015584,0.0056277,0.0056277,0.0056277,0.0056277,0.0056277,0.0056277,0.0056277,0.0056277,0.0056277,0.0056277,0.0056277,0.0056277,0.0047619,0.0047619,0.004329,0.004329,0.0038961,0.0038961,0.0034632,0.0034632,0.0025974,0.0025974,0.0008658,0.0008658,0,0,0,0,0,0,0,0,0,0,0,0,0,0,0,0,0,0,0,0,0,0,0,0,0,0,0,0,0,0,0,0,0,0,0,0,0,0,0,0,0,0,0,0,0,0,0,0,0,0,0,0,0,0,0,0,0,0,0,0,0,0,0,0,0,0,0,0,0,0,0,0,0,0,0,0,0,0,0,0,0,0,0,0,0,0,0,0,0,0,0,0,0,0,0,0,0,0,0,0,0,0,0,0,0,0,0,0,0,0,0,0,0,0,0,0,0,0,0,0,0,0,0,0,0,0,0,0,0,0,0,0,0,0,0,0,0,0,0,0,0,0,0,0,0,0,0,0,0,0,0,0,0,0,0,0,0,0,0,0,0,0,0,0,0,0,0,0,0,0,0,0,0,0,0,0,0,0,0,0,0,0,0,0,0,0,0,0,0,0,0,0,0,0,0,0,0,0,0,0,0,0,0,0,0,0,0,0,0,0,0,0,0,0,0,0,0,0
0.094118,0.094118,0.094118,0.094118,0.094118,0.094118,0.039216,0.039216,0.0098039,0.0098039,0.0098039,0.0098039,0.0058824,0.0058824,0.0019608,0.0019608,0,0,0.092157,0.092157,0.18627,0.18627,0.27255,0.27255,0.31765,0.31765,0.31765,0.31765,0.31765,0.31765,0.31765,0.31765,0.27255,0.27255,0.17843,0.17843,0.090196,0.090196,0.0058824,0.0058824,0.0078431,0.0078431,0.0098039,0.0098039,0.013725,0.013725,0.021569,0.021569,0.02549,0.02549,0.02549,0.02549,0.02549,0.02549,0.02549,0.02549,0.02549,0.02549,0.02549,0.02549,0.02549,0.02549,0.02549,0.02549,0.02549,0.02549,0.021569,0.021569,0.019608,0.019608,0.017647,0.017647,0.015686,0.015686,0.011765,0.011765,0.0039216,0.0039216,0,0,0,0,0,0,0,0,0,0,0,0,0,0,0,0,0,0,0,0,0,0,0,0,0,0,0,0,0,0,0,0,0,0,0,0,0,0,0,0,0,0,0,0,0,0,0,0,0,0,0,0,0,0,0,0,0,0,0,0,0,0,0,0,0,0,0,0,0,0,0,0,0,0,0,0,0,0,0,0,0,0,0,0,0,0,0,0,0,0,0,0,0,0,0,0,0,0,0,0,0,0,0,0,0,0,0,0,0,0,0,0,0,0,0,0,0,0,0,0,0,0,0,0,0,0,0,0,0,0,0,0,0,0,0,0,0,0,0,0,0,0,0,0,0,0,0,0,0,0,0,0,0,0,0,0,0,0,0,0,0,0,0,0,0,0,0,0,0,0,0,0,0,0,0,0,0,0,0,0,0,0,0,0,0,0,0,0
0.15447,0.15447,0.10298,0.10298,0.0081301,0.0081301,0.0081301,0.0081301,0.00271,0.00271,0,0,0,0,0,0,0,0,0,0,0,0,0,0,0,0,0,0,0,0,0,0,0,0,0,0,0,0,0,0,0,0,0,0,0,0,0,0,0,0,0,0,0,0,0,0,0,0,0,0,0,0,0,0,0,0,0,0,0,0,0,0,0,0,0,0,0,0,0,0,0,0,0,0,0,0,0,0,0,0,0,0,0,0,0,0,0,0,0,0,0,0,0,0,0,0,0,0,0,0,0,0,0,0,0,0,0,0,0,0,0,0,0,0,0,0,0,0,0,0,0,0,0,0,0,0,0,0,0,0,0,0,0,0,0,0,0,0,0,0,0,0,0,0,0,0,0,0,0,0,0,0,0,0,0,0,0,0,0,0,0,0,0,0,0,0,0,0,0,0,0,0,0,0,0,0,0,0,0,0,0,0,0,0,0,0,0,0,0,0,0,0,0,0,0,0,0,0,0,0,0,0,0,0,0,0,0,0,0,0,0,0,0,0,0,0,0,0,0,0,0,0,0,0,0,0,0,0,0,0,0,0,0,0,0,0,0,0,0,0,0,0,0,0,0,0,0,0,0,0,0,0,0,0,0,0
0.093333,0.093333,0.093333,0.093333,0.093333,0.093333,0.088889,0.088889,0.085926,0.085926,0.038519,0.038519,0.019259,0.019259,0.019259,0.019259,0.019259,0.019259,0.019259,0.019259,0.01037,0.01037,0.002963,0.002963,0.002963,0.002963,0.002963,0.002963,0.002963,0.002963,0.002963,0.002963,0.0088889,0.0088889,0.026667,0.026667,0.047407,0.047407,0.057778,0.057778,0.057778,0.057778,0.057778,0.057778,0.056296,0.056296,0.054815,0.054815,0.041481,0.041481,0.020741,0.020741,0.0044444,0.0044444,0,0,0,0,0,0,0,0,0,0,0,0,0,0,0,0,0,0,0,0,0.002963,0.002963,0.0059259,0.0059259,0.0059259,0.0059259,0.0059259,0.0059259,0.0059259,0.0059259,0.0059259,0.0059259,0.0059259,0.0059259,0.0059259,0.0059259,0.0059259,0.0059259,0.0059259,0.0059259,0.0059259,0.0059259,0.0059259,0.0059259,0.0059259,0.0059259,0.0059259,0.0059259,0.0059259,0.0059259,0.002963,0.002963,0,0,0,0,0,0,0,0,0,0,0,0,0,0,0,0,0,0,0,0,0,0,0,0,0,0,0,0,0,0,0,0,0,0,0,0,0,0,0,0,0,0,0,0,0,0,0,0,0,0,0,0,0,0,0,0,0,0,0,0,0,0,0,0,0,0,0,0,0,0,0,0,0,0,0,0,0,0,0,0,0,0,0,0,0,0,0,0,0,0,0,0,0,0,0,0,0,0,0,0,0,0,0,0,0,0,0,0,0,0,0,0,0,0,0,0,0,0,0,0,0,0,0,0,0,0,0,0,0,0,0,0,0,0,0,0,0,0,0,0,0,0,0,0,0,0,0,0,0,0,0,0,0,0,0,0,0,0,0,0
0.15,0.15,0.125,0.125,0.044444,0.044444,0.069444,0.069444,0.10556,0.10556,0.19167,0.19167,0.225,0.225,0.21944,0.21944,0.21944,0.21944,0.21944,0.21944,0.22778,0.22778,0.22778,0.22778,0.22778,0.22778,0.22778,0.22778,0.22778,0.22778,0.22778,0.22778,0.28056,0.28056,0.38056,0.38056,0.47222,0.47222,0.575,0.575,0.575,0.575,0.575,0.575,0.575,0.575,0.575,0.575,0.575,0.575,0.575,0.575,0.575,0.575,0.575,0.575,0.575,0.575,0.575,0.575,0.49167,0.49167,0.47222,0.47222,0.39444,0.39444,0.4,0.4,0.35833,0.35833,0.36111,0.36111,0.36389,0.36389,0.36389,0.36389,0.36944,0.36944,0.375,0.375,0.375,0.375,0.375,0.375,0.375,0.375,0.375,0.375,0.375,0.375,0.375,0.375,0.375,0.375,0.375,0.375,0.375,0.375,0.375,0.375,0.375,0.375,0.375,0.375,0.375,0.375,0.375,0.375,0.375,0.375,0.375,0.375,0.375,0.375,0.375,0.375,0.375,0.375,0.375,0.375,0.375,0.375,0.375,0.375,0.375,0.375,0.375,0.375,0.375,0.375,0.375,0.375,0.375,0.375,0.375,0.375,0.375,0.375,0.27778,0.27778,0.16667,0.16667,0.061111,0.061111,0.022222,0.022222,0.022222,0.022222,0.022222,0.022222,0.022222,0.022222,0.022222,0.022222,0.016667,0.016667,0,0,0,0,0,0,0,0,0,0,0,0,0,0,0,0,0,0,0,0,0,0,0,0,0,0,0,0,0,0,0,0,0,0,0,0,0,0,0,0,0,0,0,0,0,0,0,0,0,0,0,0,0,0,0,0,0,0,0,0,0,0,0,0,0,0,0,0,0,0,0,0,0,0,0,0,0,0,0,0,0,0,0,0,0,0,0,0,0,0,0,0,0,0,0,0,0,0,0,0,0,0,0,0,0,0,0,0,0,0
0.14607,0.14607,0.10487,0.10487,0.022472,0.022472,0.022472,0.022472,0.021223,0.021223,0.01623,0.01623,0.01623,0.01623,0.011236,0.011236,0.0024969,0.0024969,0.0024969,0.0024969,0.0062422,0.0062422,0.012484,0.012484,0.012484,0.012484,0.012484,0.012484,0.012484,0.012484,0.0049938,0.0049938,0.0012484,0.0012484,0,0,0,0,0,0,0,0,0,0,0.0012484,0.0012484,0.0024969,0.0024969,0.013733,0.013733,0.031211,0.031211,0.044944,0.044944,0.048689,0.048689,0.043695,0.043695,0.028714,0.028714,0.011236,0.011236,0.0012484,0.0012484,0,0,0,0,0,0,0,0,0,0,0,0,0,0,0,0,0,0,0,0,0,0,0,0,0,0,0,0,0,0,0,0,0,0,0,0,0,0,0,0,0.0024969,0.0024969,0.0049938,0.0049938,0.0049938,0.0049938,0.0049938,0.0049938,0.0049938,0.0049938,0.0049938,0.0049938,0.0049938,0.0049938,0.0049938,0.0049938,0.0049938,0.0049938,0.0024969,0.0024969,0,0,0,0,0,0,0,0,0,0,0,0,0,0,0,0,0,0,0,0,0,0,0,0,0,0,0,0,0,0,0,0,0,0,0,0,0,0,0,0,0,0,0,0,0,0,0,0,0,0,0,0,0,0,0,0,0,0,0,0,0,0,0,0,0,0,0,0,0,0,0,0,0,0,0,0,0,0,0,0,0,0,0,0,0,0,0,0,0,0,0,0,0,0,0,0,0,0,0,0,0,0,0,0,0,0,0,0,0,0,0,0,0,0,0,0,0,0,0,0,0,0,0,0,0,0,0,0,0,0,0,0,0,0,0,0,0,0,0,0,0,0
0.089362,0.089362,0.11631,0.11631,0.16596,0.16596,0.14468,0.14468,0.09078,0.09078,0.092199,0.092199,0.092199,0.092199,0.09078,0.09078,0.089362,0.089362,0.079433,0.079433,0.076596,0.076596,0.076596,0.076596,0.076596,0.076596,0.076596,0.076596,0.076596,0.076596,0.076596,0.076596,0.076596,0.076596,0.076596,0.076596,0.076596,0.076596,0.076596,0.076596,0.076596,0.076596,0.076596,0.076596,0.076596,0.076596,0.076596,0.076596,0.076596,0.076596,0.076596,0.076596,0.076596,0.076596,0.075177,0.075177,0.070922,0.070922,0.069504,0.069504,0.066667,0.066667,0.021277,0.021277,0,0,0,0,0,0,0,0,0,0,0,0,0,0,0,0,0,0,0,0,0,0,0,0,0,0,0,0,0,0,0,0,0,0,0,0,0,0,0,0,0,0,0,0,0,0,0,0,0,0,0,0,0,0,0,0,0,0,0,0,0,0,0,0,0,0,0,0,0,0,0,0,0,0,0,0,0,0,0,0,0,0,0,0,0,0,0,0,0,0,0,0,0,0,0,0,0,0,0,0,0,0,0,0,0,0,0,0,0,0,0,0,0,0,0,0,0,0,0,0,0,0,0,0,0,0,0,0,0,0,0,0,0,0,0,0,0,0,0,0,0,0,0,0,0,0,0,0,0,0,0,0,0,0,0,0,0,0,0,0,0,0,0,0,0,0,0,0,0,0,0,0,0,0,0,0,0,0,0,0,0,0,0,0,0,0,0,0,0,0,0,0,0,0,0,0,0,0,0,0,0,0
0.10638,0.10638,0.14043,0.14043,0.21277,0.21277,0.22128,0.22128,0.27518,0.27518,0.3234,0.3234,0.35461,0.35461,0.33617,0.33617,0.32624,0.32624,0.32624,0.32624,0.32057,0.32057,0.31064,0.31064,0.31064,0.31064,0.31348,0.31348,0.31206,0.31206,0.30638,0.30638,0.2922,0.2922,0.28227,0.28227,0.32199,0.32199,0.31631,0.31631,0.3078,0.3078,0.29929,0.29929,0.28936,0.28936,0.27943,0.27943,0.27092,0.27092,0.26241,0.26241,0.2539,0.2539,0.24681,0.24681,0.24681,0.24681,0.24681,0.24681,0.24823,0.24823,0.24397,0.24397,0.24255,0.24255,0.2383,0.2383,0.22128,0.22128,0.19858,0.19858,0.18014,0.18014,0.15461,0.15461,0.1305,0.1305,0.1078,0.1078,0.085106,0.085106,0.060993,0.060993,0.036879,0.036879,0.036879,0.036879,0.036879,0.036879,0.036879,0.036879,0.036879,0.036879,0.036879,0.036879,0.036879,0.036879,0.036879,0.036879,0.036879,0.036879,0.036879,0.036879,0.036879,0.036879,0.036879,0.036879,0.036879,0.036879,0.036879,0.036879,0.036879,0.036879,0.036879,0.036879,0.036879,0.036879,0.036879,0.036879,0.036879,0.036879,0.036879,0.036879,0.036879,0.036879,0.036879,0.036879,0.036879,0.036879,0.036879,0.036879,0.036879,0.036879,0.036879,0.036879,0.032624,0.032624,0.032624,0.032624,0.032624,0.032624,0.032624,0.032624,0.02695,0.02695,0.017021,0.017021,0.0070922,0.0070922,0,0,0,0,0,0,0,0,0,0,0,0,0,0,0,0,0,0,0,0,0,0,0,0,0,0,0,0,0,0,0,0,0,0,0,0,0,0,0,0,0,0,0,0,0,0,0,0,0,0,0,0,0,0,0,0,0,0,0,0,0,0,0,0,0,0,0,0,0,0,0,0,0,0,0,0,0,0,0,0,0,0,0,0,0,0,0,0,0,0,0,0,0,0,0,0,0,0,0,0,0,0,0,0,0,0,0,0,0,0,0,0,0,0,0,0
0,0,0.5,0.5,0.5,0.5,0.5,0.5,0,0,0.9,0.9,0.9,0.9,0.9,0.9,0.9,0.9,0.9,0.9,0.9,0.9,0.9,0.9,0.9,0.9,0.9,0.9,0.9,0.9,0.9,0.9,0.9,0.9,0.9,0.9,0.9,0.9,0.9,0.9,0.9,0.9,0.9,0.9,0.9,0.9,0.9,0.9,0.9,0.9,0.9,0.9,0.9,0.9,0.9,0.9,0.6,0.6,0.3,0.3,0.9,0.9,0.9,0.9,0.9,0.9,0.9,0.9,0.9,0.9,0.9,0.9,0.9,0.9,0.9,0.9,0.9,0.9,0.9,0.9,0.9,0.9,0.9,0.9,0.9,0.9,0.5,0.5,0.45,0.45,0.5,0.5,0.65,0.65,0.75,0.75,0.75,0.75,0.65,0.65,0.65,0.65,0.6,0.6,0.6,0.6,0.6,0.6,0.7,0.7,0.7,0.7,0.7,0.7,0.65,0.65,0.6,0.6,0.7,0.7,0.7,0.7,0.7,0.7,0.7,0.7,0.75,0.75,0.75,0.75,0.65,0.65,0.7,0.7,0.75,0.75,0.9,0.9,0.9,0.9,0.9,0.9,0.8,0.8,0.8,0.8,0.8,0.8,0.8,0.8,0.8,0.8,0.4,0.4,0.4,0.4,0.25,0.25,0,0,0,0,0,0,0,0,0,0,0,0,0,0,0,0,0,0,0,0,0,0,0,0,0,0,0,0,0,0,0,0,0,0,0,0,0,0,0,0,0,0,0,0,0,0,0,0,0,0,0,0,0,0,0,0,0,0,0,0,0,0,0,0,0,0,0,0,0,0,0,0,0,0,0,0,0,0,0,0,0,0,0,0,0,0,0,0,0,0,0,0,0,0,0,0,0,0,0,0,0,0,0,0,0,0,0,0
0.075163,0.075163,0.075163,0.075163,0.075163,0.075163,0.075163,0.075163,0.075163,0.075163,0.039216,0.039216,0.033497,0.033497,0.035131,0.035131,0.035131,0.035131,0.035131,0.035131,0.035948,0.035948,0.035948,0.035948,0.038399,0.038399,0.035948,0.035948,0.035948,0.035948,0.035948,0.035948,0.035948,0.035948,0.035948,0.035948,0.0081699,0.0081699,0.0065359,0.0065359,0.0065359,0.0065359,0.0065359,0.0065359,0.0065359,0.0065359,0.0065359,0.0065359,0.0065359,0.0065359,0.0065359,0.0065359,0.0065359,0.0065359,0.0065359,0.0065359,0.0065359,0.0065359,0.0065359,0.0065359,0.0065359,0.0065359,0.0065359,0.0065359,0.0065359,0.0065359,0.0065359,0.0065359,0.004902,0.004902,0.004085,0.004085,0,0,0,0,0,0,0,0,0,0,0,0,0,0,0,0,0,0,0,0,0,0,0,0,0,0,0,0,0,0,0,0,0,0,0,0,0,0,0,0,0,0,0,0,0,0,0,0,0,0,0,0,0,0,0,0,0,0,0,0,0,0,0,0,0,0,0,0,0,0,0,0,0,0,0,0,0,0,0,0,0,0,0,0,0,0,0,0,0,0,0,0,0,0,0,0,0,0,0,0,0,0,0,0,0,0,0,0,0,0,0,0,0,0,0,0,0,0,0,0,0,0,0,0,0,0,0,0,0,0,0,0,0,0,0,0,0,0,0,0,0,0,0,0,0,0,0,0,0,0,0,0,0,0,0,0,0,0,0,0,0,0,0,0,0,0,0,0,0,0,0,0,0,0,0,0,0,0,0,0,0,0,0,0,0,0,0,0,0,0,0,0,0,0
0.0875,0.0875,0.09375,0.09375,0.1125,0.1125,0.125,0.125,0.075,0.075,0.073438,0.073438,0.070312,0.070312,0.04375,0.04375,0.046875,0.046875,0.046875,0.046875,0.05625,0.05625,0.064062,0.064062,0.054688,0.054688,0.039062,0.039062,0.026562,0.026562,0.025,0.025,0.025,0.025,0.03125,0.03125,0.03125,0.03125,0.03125,0.03125,0.021875,0.021875,0.009375,0.009375,0.0046875,0.0046875,0.00625,0.00625,0.00625,0.00625,0.00625,0.00625,0.0046875,0.0046875,0.003125,0.003125,0.009375,0.009375,0.028125,0.028125,0.05,0.05,0.0625,0.0625,0.0625,0.0625,0.054688,0.054688,0.035937,0.035937,0.014063,0.014063,0.003125,0.003125,0.003125,0.003125,0.0046875,0.0046875,0.0046875,0.0046875,0.0046875,0.0046875,0.003125,0.003125,0.0015625,0.0015625,0,0,0,0,0,0,0,0,0,0,0,0,0,0,0,0,0,0,0,0,0,0,0,0,0,0,0,0,0,0,0,0,0,0,0,0,0.003125,0.003125,0.00625,0.00625,0.00625,0.00625,0.00625,0.00625,0.00625,0.00625,0.00625,0.00625,0.00625,0.00625,0.00625,0.00625,0.00625,0.00625,0.00625,0.00625,0.003125,0.003125,0,0,0,0,0,0,0,0,0,0,0,0,0,0,0,0,0,0,0,0,0,0,0,0,0,0,0,0,0,0,0,0,0,0,0,0,0,0,0,0,0,0,0,0,0,0,0,0,0,0,0,0,0,0,0,0,0,0,0,0,0,0,0,0,0,0,0,0,0,0,0,0,0,0,0,0,0,0,0,0,0,0,0,0,0,0,0,0,0,0,0,0,0,0,0,0,0,0,0,0,0,0,0,0,0,0,0,0,0,0,0,0,0,0,0,0,0,0,0,0,0,0
0.08381,0.08381,0.08381,0.08381,0.08381,0.08381,0.08381,0.08381,0.064762,0.064762,0.04381,0.04381,0.0085714,0.0085714,0.007619,0.007619,0.007619,0.007619,0.0057143,0.0057143,0.0038095,0.0038095,0.0028571,0.0028571,0,0,0,0,0,0,0,0,0,0,0,0,0,0,0,0,0,0,0,0,0,0,0,0,0,0,0,0,0,0,0,0,0,0,0,0,0,0,0,0,0,0,0,0,0,0,0,0,0,0,0,0,0,0,0,0,0,0,0,0,0,0,0,0,0,0,0,0,0,0,0,0,0,0,0,0,0,0,0,0,0,0,0,0,0,0,0,0,0,0,0,0,0,0,0,0,0,0,0,0,0,0,0,0,0,0,0,0,0,0,0,0,0,0,0,0,0,0,0,0,0,0,0,0,0,0,0,0,0,0,0,0,0,0,0,0,0,0,0,0,0,0,0,0,0,0,0,0,0,0,0,0,0,0,0,0,0,0,0,0,0,0,0,0,0,0,0,0,0,0,0,0,0,0,0,0,0,0,0,0,0,0,0,0,0,0,0,0,0,0,0,0,0,0,0,0,0,0,0,0,0,0,0,0,0,0,0,0,0,0,0,0,0,0,0,0,0,0,0,0,0,0,0,0,0,0,0,0,0,0,0,0,0,0,0,0,0,0,0,0,0,0
0,0,0,0,0,0,0,0,0,0,0,0,0.05,0.05,0,0,0,0,0,0,0.1,0.1,0.1,0.1,0,0,0,0,0,0,0,0,0,0,0,0,0,0,0,0,0,0,0,0,0,0,0,0,0,0,0,0,0,0,0,0,0,0,0,0,0,0,0,0,0,0,0,0,0,0,0,0,0,0,0,0,0,0,0,0,0,0,0,0,0,0,0,0,0,0,0,0,0,0,0,0,0,0,0,0,0,0,0,0,0,0,0,0,0,0,0,0,0,0,0,0,0,0,0,0,0,0,0,0,0,0,0,0,0,0,0,0,0,0,0,0,0,0,0,0,0,0,0,0,0,0,0,0,0,0,0,0,0,0,0,0,0,0,0,0,0,0,0,0,0,0,0,0,0,0,0,0,0,0,0,0,0,0,0,0,0,0,0,0,0,0,0,0,0,0,0,0,0,0,0,0,0,0,0,0,0,0,0,0,0,0,0,0,0,0,0,0,0,0,0,0,0,0,0,0,0,0,0,0,0,0,0,0,0,0,0,0,0,0,0,0,0,0,0,0,0,0,0,0,0,0,0,0,0,0,0,0,0,0,0,0,0,0,0,0,0,0,0,0,0,0
0.10625,0.10625,0.089063,0.089063,0.075,0.075,0.089063,0.089063,0.11719,0.11719,0.13594,0.13594,0.16406,0.16406,0.21094,0.21094,0.24063,0.24063,0.27656,0.27656,0.30625,0.30625,0.3375,0.3375,0.3625,0.3625,0.38281,0.38281,0.37969,0.37969,0.375,0.375,0.40625,0.40625,0.43281,0.43281,0.44062,0.44062,0.44062,0.44062,0.45,0.45,0.47187,0.47187,0.49375,0.49375,0.51562,0.51562,0.53906,0.53906,0.54531,0.54531,0.55156,0.55156,0.55312,0.55312,0.55312,0.55312,0.55469,0.55469,0.55469,0.55469,0.55469,0.55469,0.55625,0.55625,0.56719,0.56719,0.59219,0.59219,0.62656,0.62656,0.64844,0.64844,0.65625,0.65625,0.68125,0.68125,0.68125,0.68125,0.68125,0.68125,0.68281,0.68281,0.68594,0.68594,0.68906,0.68906,0.69063,0.69063,0.69375,0.69375,0.69844,0.69844,0.69844,0.69844,0.69844,0.69844,0.69844,0.69844,0.69844,0.69844,0.69844,0.69844,0.69844,0.69844,0.69844,0.69844,0.69844,0.69844,0.69844,0.69844,0.69844,0.69844,0.69844,0.69844,0.69844,0.69844,0.69844,0.69844,0.69844,0.69844,0.69844,0.69844,0.69844,0.69844,0.69844,0.69844,0.69844,0.69844,0.69063,0.69063,0.675,0.675,0.65312,0.65312,0.62656,0.62656,0.6,0.6,0.575,0.575,0.55469,0.55469,0.53438,0.53438,0.5125,0.5125,0.49375,0.49375,0.47656,0.47656,0.45937,0.45937,0.44531,0.44531,0.425,0.425,0.40156,0.40156,0.375,0.375,0.34844,0.34844,0.32344,0.32344,0.3,0.3,0.27656,0.27656,0.25156,0.25156,0.22656,0.22656,0.20312,0.20312,0.18125,0.18125,0.18125,0.18125,0.18125,0.18125,0.18125,0.18125,0.18125,0.18125,0.18125,0.18125,0.17188,0.17188,0.14844,0.14844,0.125,0.125,0.10156,0.10156,0.078125,0.078125,0.053125,0.053125,0.028125,0.028125,0.010937,0.010937,0,0,0,0,0,0,0,0,0,0,0,0,0,0,0,0,0,0,0,0,0,0,0,0,0,0,0,0,0,0,0,0,0,0,0,0,0,0,0,0,0,0,0,0,0,0,0,0,0,0,0,0,0,0,0,0,0,0,0,0,0,0
0.05,0.05,0.05,0.05,0,0,0,0,0,0,0,0,0,0,0,0,0,0,0,0,0,0,0,0,0,0,0,0,0,0,0,0,0,0,0,0,0,0,0,0,0,0,0,0,0,0,0,0,0,0,0,0,0,0,0,0,0,0,0,0,0,0,0,0,0,0,0,0,0,0,0,0,0,0,0,0,0,0,0,0,0,0,0,0,0,0,0,0,0,0,0,0,0,0,0,0,0,0,0,0,0,0,0,0,0,0,0,0,0,0,0,0,0,0,0,0,0,0,0,0,0,0,0,0,0,0,0,0,0,0,0,0,0,0,0,0,0,0,0,0,0,0,0,0,0,0,0,0,0,0,0,0,0,0,0,0,0,0,0,0,0,0,0,0,0,0,0,0,0,0,0,0,0,0,0,0,0,0,0,0,0,0,0,0,0,0,0,0,0,0,0,0,0,0,0,0,0,0,0,0,0,0,0,0,0,0,0,0,0,0,0,0,0,0,0,0,0,0,0,0,0,0,0,0,0,0,0,0,0,0,0,0,0,0,0,0,0,0,0,0,0,0,0,0,0,0,0,0,0,0,0,0,0,0,0,0,0,0,0,0,0,0,0,0,0,0
0.10311,0.10311,0.10311,0.10311,0.072013,0.072013,0.013093,0.013093,0.011457,0.011457,0.0081833,0.0081833,0.00491,0.00491,0,0,0,0,0,0,0,0,0,0,0,0,0,0,0,0,0,0,0,0,0,0,0,0,0,0,0,0,0,0,0,0,0,0,0,0,0,0,0,0,0,0,0,0,0,0,0,0,0,0,0,0,0,0,0,0,0,0,0,0,0,0,0,0,0,0,0,0,0,0,0,0,0,0,0,0,0,0,0,0,0,0,0,0,0,0,0,0,0,0,0,0,0,0,0,0,0,0,0,0,0,0,0,0,0,0,0,0,0,0,0,0,0,0,0,0,0,0,0,0,0,0,0,0,0,0,0,0,0,0,0,0,0,0,0,0,0,0,0,0,0,0,0,0,0,0,0,0,0,0,0,0,0,0,0,0,0,0,0,0,0,0,0,0,0,0,0,0,0,0,0,0,0,0,0,0,0,0,0,0,0,0,0,0,0,0,0,0,0,0,0,0,0,0,0,0,0,0,0,0,0,0,0,0,0,0,0,0,0,0,0,0,0,0,0,0,0,0,0,0,0,0,0,0,0,0,0,0,0,0,0,0,0,0,0,0,0,0,0,0,0,0,0,0,0,0,0,0,0,0,0,0
0.092683,0.092683,0.092683,0.092683,0.012195,0.012195,0.012195,0.012195,0.004878,0.004878,0,0,0,0,0,0,0,0,0,0,0,0,0,0,0,0,0,0,0,0,0,0,0,0,0,0,0,0,0,0,0,0,0,0,0,0,0,0,0,0,0,0,0,0,0,0,0,0,0,0,0,0,0,0,0,0,0,0,0,0,0,0,0,0,0,0,0,0,0,0,0,0,0,0,0,0,0,0,0,0,0,0,0,0,0,0,0,0,0,0,0,0,0,0,0,0,0,0,0,0,0,0,0,0,0,0,0,0,0,0,0,0,0,0,0,0,0,0,0,0,0,0,0,0,0,0,0,0,0,0,0,0,0,0,0,0,0,0,0,0,0,0,0,0,0,0,0,0,0,0,0,0,0,0,0,0,0,0,0,0,0,0,0,0,0,0,0,0,0,0,0,0,0,0,0,0,0,0,0,0,0,0,0,0,0,0,0,0,0,0,0,0,0,0,0,0,0,0,0,0,0,0,0,0,0,0,0,0,0,0,0,0,0,0,0,0,0,0,0,0,0,0,0,0,0,0,0,0,0,0,0,0,0,0,0,0,0,0,0,0,0,0,0,0,0,0,0,0,0,0,0,0,0,0,0,0
0,0,0,0,0,0,0,0,0,0,0,0,0,0,0,0,0,0,0,0,0,0,0,0,0,0,0,0,0,0,0,0,0,0,0,0,0,0,0,0,0,0,0,0,0,0,0,0,0,0,0,0,0,0,0,0,0,0,0,0,0,0,0,0,0,0,0,0,0,0,0,0,0,0,0,0,0,0,0,0,0,0,0,0,0,0,0,0,0,0,0,0,0,0,0,0,0,0,0,0,0,0,0,0,0,0,0,0,0,0,0,0,0,0,0,0,0,0,0,0,0,0,0,0,0,0,0,0,0,0,0,0,0,0,0,0,0,0,0,0,0,0,0,0,0,0,0,0,0,0,0,0,0,0,0,0,0,0,0,0,0,0,0,0,0,0,0,0,0,0,0,0,0,0,0,0,0,0,0,0,0,0,0,0,0,0,0,0,0,0,0,0,0,0,0,0,0,0,0,0,0,0,0,0,0,0,0,0,0,0,0,0,0,0,0,0,0,0,0,0,0,0,0,0,0,0,0,0,0,0,0,0,0,0,0,0,0,0,0,0,0,0,0,0,0,0,0,0,0,0,0,0,0,0,0,0,0,0,0,0,0,0,0,0,0,0
0.089362,0.089362,0.089362,0.089362,0.15461,0.15461,0.21135,0.21135,0.21418,0.21418,0.22411,0.22411,0.22695,0.22695,0.23121,0.23121,0.23121,0.23121,0.23121,0.23121,0.23121,0.23121,0.23121,0.23121,0.23121,0.23121,0.23121,0.23121,0.23121,0.23121,0.23121,0.23121,0.21844,0.21844,0.19858,0.19858,0.1773,0.1773,0.15603,0.15603,0.13475,0.13475,0.11489,0.11489,0.096454,0.096454,0.089362,0.089362,0.089362,0.089362,0.089362,0.089362,0.089362,0.089362,0.089362,0.089362,0.089362,0.089362,0.089362,0.089362,0.089362,0.089362,0.089362,0.089362,0.086525,0.086525,0.083688,0.083688,0.078014,0.078014,0.078014,0.078014,0.078014,0.078014,0.078014,0.078014,0.078014,0.078014,0.078014,0.078014,0.078014,0.078014,0.078014,0.078014,0.078014,0.078014,0.078014,0.078014,0.078014,0.078014,0.078014,0.078014,0.078014,0.078014,0.078014,0.078014,0.078014,0.078014,0.075177,0.075177,0.070922,0.070922,0.069504,0.069504,0.06383,0.06383,0.062411,0.062411,0.049645,0.049645,0.042553,0.042553,0.036879,0.036879,0.032624,0.032624,0.029787,0.029787,0.017021,0.017021,0.0028369,0.0028369,0,0,0,0,0,0,0,0,0,0,0,0,0,0,0,0,0,0,0,0,0,0,0,0,0,0,0,0,0,0,0,0,0,0,0,0,0,0,0,0,0,0,0,0,0,0,0,0,0,0,0,0,0,0,0,0,0,0,0,0,0,0,0,0,0,0,0,0,0,0,0,0,0,0,0,0,0,0,0,0,0,0,0,0,0,0,0,0,0,0,0,0,0,0,0,0,0,0,0,0,0,0,0,0,0,0,0,0,0,0,0,0,0,0,0,0,0,0,0,0,0,0,0,0,0,0,0,0,0,0,0,0,0,0,0,0,0,0,0,0,0,0,0,0
0.090476,0.090476,0.090476,0.090476,0.02381,0.02381,0.014286,0.014286,0.011905,0.011905,0,0,0,0,0,0,0,0,0,0,0,0,0,0,0,0,0,0,0,0,0,0,0,0,0,0,0,0,0,0,0,0,0,0,0,0,0,0,0,0,0,0,0,0,0,0,0,0,0,0,0,0,0,0,0,0,0,0,0,0,0,0,0,0,0,0,0,0,0,0,0,0,0,0,0,0,0,0,0,0,0,0,0,0,0,0,0,0,0,0,0,0,0,0,0,0,0,0,0,0,0,0,0,0,0,0,0,0,0,0,0,0,0,0,0,0,0,0,0,0,0,0,0,0,0,0,0,0,0,0,0,0,0,0,0,0,0,0,0,0,0,0,0,0,0,0,0,0,0,0,0,0,0,0,0,0,0,0,0,0,0,0,0,0,0,0,0,0,0,0,0,0,0,0,0,0,0,0,0,0,0,0,0,0,0,0,0,0,0,0,0,0,0,0,0,0,0,0,0,0,0,0,0,0,0,0,0,0,0,0,0,0,0,0,0,0,0,0,0,0,0,0,0,0,0,0,0,0,0,0,0,0,0,0,0,0,0,0,0,0,0,0,0,0,0,0,0,0,0,0,0,0,0,0,0,0
0.075269,0.075269,0.075269,0.075269,0.075269,0.075269,0.075269,0.075269,0.08871,0.08871,0.10349,0.10349,0.10551,0.10551,0.10551,0.10551,0.10551,0.10551,0.10685,0.10685,0.10685,0.10685,0.10685,0.10685,0.10685,0.10685,0.10685,0.10685,0.10685,0.10685,0.10685,0.10685,0.10685,0.10685,0.10685,0.10685,0.10685,0.10685,0.10685,0.10685,0.10685,0.10685,0.10685,0.10685,0.10685,0.10685,0.10148,0.10148,0.092742,0.092742,0.084677,0.084677,0.077285,0.077285,0.069892,0.069892,0.063844,0.063844,0.061156,0.061156,0.053763,0.053763,0.046371,0.046371,0.038978,0.038978,0.031586,0.031586,0.031586,0.031586,0.031586,0.031586,0.031586,0.031586,0.031586,0.031586,0.031586,0.031586,0.031586,0.031586,0.031586,0.031586,0.031586,0.031586,0.031586,0.031586,0.031586,0.031586,0.031586,0.031586,0.031586,0.031586,0.031586,0.031586,0.031586,0.031586,0.031586,0.031586,0.031586,0.031586,0.031586,0.031586,0.031586,0.031586,0.031586,0.031586,0.031586,0.031586,0.031586,0.031586,0.031586,0.031586,0.031586,0.031586,0.031586,0.031586,0.031586,0.031586,0.031586,0.031586,0.031586,0.031586,0.031586,0.031586,0.031586,0.031586,0.031586,0.031586,0.031586,0.031586,0.031586,0.031586,0.031586,0.031586,0.031586,0.031586,0.031586,0.031586,0.031586,0.031586,0.031586,0.031586,0.031586,0.031586,0.031586,0.031586,0.031586,0.031586,0.031586,0.031586,0.031586,0.031586,0.031586,0.031586,0.031586,0.031586,0.031586,0.031586,0.031586,0.031586,0.031586,0.031586,0.031586,0.031586,0.031586,0.031586,0.031586,0.031586,0.031586,0.031586,0.031586,0.031586,0.031586,0.031586,0.031586,0.031586,0.031586,0.031586,0.024194,0.024194,0.013441,0.013441,0.0067204,0.0067204,0.00067204,0.00067204,0,0,0,0,0,0,0,0,0,0,0,0,0,0,0,0,0,0,0,0,0,0,0,0,0,0,0,0,0,0,0,0,0,0,0,0,0,0,0,0,0,0,0,0,0,0,0,0,0,0,0,0,0,0,0,0,0,0,0,0,0,0,0,0,0,0,0,0,0,0,0,0,0,0,0,0,0,0,0,0
0.089362,0.089362,0.089362,0.089362,0.089362,0.089362,0.12447,0.12447,0.14043,0.14043,0.14043,0.14043,0.14149,0.14149,0.14149,0.14149,0.14362,0.14362,0.14362,0.14362,0.14362,0.14362,0.14362,0.14362,0.14362,0.14362,0.14362,0.14362,0.14362,0.14362,0.14362,0.14362,0.14362,0.14362,0.14362,0.14362,0.14362,0.14362,0.14362,0.14362,0.14362,0.14362,0.14362,0.14362,0.14362,0.14362,0.14362,0.14362,0.14362,0.14362,0.14362,0.14362,0.14362,0.14362,0.14362,0.14362,0.14362,0.14362,0.14362,0.14362,0.14362,0.14362,0.14362,0.14362,0.14362,0.14362,0.14149,0.14149,0.14149,0.14149,0.14149,0.14149,0.14149,0.14149,0.14149,0.14149,0.14149,0.14149,0.14149,0.14149,0.14149,0.14149,0.14149,0.14149,0.14149,0.14149,0.14149,0.14149,0.14149,0.14149,0.14149,0.14149,0.14149,0.14149,0.14149,0.14149,0.14149,0.14149,0.13404,0.13404,0.12447,0.12447,0.10638,0.10638,0.092553,0.092553,0.092553,0.092553,0.089362,0.089362,0.082979,0.082979,0.073404,0.073404,0.055319,0.055319,0.055319,0.055319,0.055319,0.055319,0.055319,0.055319,0.044681,0.044681,0.026596,0.026596,0.011702,0.011702,0,0,0,0,0,0,0,0,0,0,0,0,0,0,0,0,0,0,0,0,0,0,0,0,0,0,0,0,0,0,0,0,0,0,0,0,0,0,0,0,0,0,0,0,0,0,0,0,0,0,0,0,0,0,0,0,0,0,0,0,0,0,0,0,0,0,0,0,0,0,0,0,0,0,0,0,0,0,0,0,0,0,0,0,0,0,0,0,0,0,0,0,0,0,0,0,0,0,0,0,0,0,0,0,0,0,0,0,0,0,0,0,0,0,0,0,0,0,0,0,0,0,0,0,0,0,0,0,0,0,0,0,0,0,0,0,0,0
0.35,0.35,0,0,0.95,0.95,0.95,0.95,0.95,0.95,0.95,0.95,0.95,0.95,0.95,0.95,0.95,0.95,0.95,0.95,0.95,0.95,0.95,0.95,0.95,0.95,0.95,0.95,0.95,0.95,0.95,0.95,0.95,0.95,0.95,0.95,0.95,0.95,0.9,0.9,0.9,0.9,0.9,0.9,0.9,0.9,0.9,0.9,0.9,0.9,0.9,0.9,0.9,0.9,0.9,0.9,0.9,0.9,0.9,0.9,0.9,0.9,0.8,0.8,0.75,0.75,0.7,0.7,0.9,0.9,0.9,0.9,0.9,0.9,0.9,0.9,0.9,0.9,0.9,0.9,0.9,0.9,0.9,0.9,0.9,0.9,0.9,0.9,0.9,0.9,0.9,0.9,0.9,0.9,0.9,0.9,0.9,0.9,0.9,0.9,0.7,0.7,0.7,0.7,0.9,0.9,0.9,0.9,0.9,0.9,0.9,0.9,0.75,0.75,0.8,0.8,0.9,0.9,0.9,0.9,0.9,0.9,0.7,0.7,0.7,0.7,0.9,0.9,0.65,0.65,0.5,0.5,0.65,0.65,0.9,0.9,0.9,0.9,0.9,0.9,0.9,0.9,0.9,0.9,0.9,0.9,0.9,0.9,0.9,0.9,0.9,0.9,0.9,0.9,0.9,0.9,0.9,0.9,0.9,0.9,0.9,0.9,0.9,0.9,0.9,0.9,0.9,0.9,0.9,0.9,0.9,0.9,0.9,0.9,0.9,0.9,0.9,0.9,0.75,0.75,0.85,0.85,0.9,0.9,0.9,0.9,0.6,0.6,0.35,0.35,0.85,0.85,0.9,0.9,0.9,0.9,0.9,0.9,0.9,0.9,0.9,0.9,0.9,0.9,0.65,0.65,0.35,0.35,0,0,0,0,0,0,0,0,0,0,0,0,0,0,0,0,0,0,0,0,0,0,0,0,0,0,0,0,0,0,0,0,0,0,0,0,0,0,0,0,0,0,0,0,0,0,0,0,0,0,0,0,0,0,0,0,0,0
0.1,0.1,0,0,0,0,0,0,0,0,0,0,0,0,0,0,0,0,0,0,0,0,0,0,0,0,0,0,0,0,0,0,0,0,0,0,0,0,0,0,0,0,0,0,0,0,0,0,0,0,0,0,0,0,0,0,0,0,0,0,0,0,0,0,0,0,0,0,0,0,0,0,0,0,0,0,0,0,0,0,0,0,0,0,0,0,0,0,0,0,0,0,0,0,0,0,0,0,0,0,0,0,0,0,0,0,0,0,0,0,0,0,0,0,0,0,0,0,0,0,0,0,0,0,0,0,0,0,0,0,0,0,0,0,0,0,0,0,0,0,0,0,0,0,0,0,0,0,0,0,0,0,0,0,0,0,0,0,0,0,0,0,0,0,0,0,0,0,0,0,0,0,0,0,0,0,0,0,0,0,0,0,0,0,0,0,0,0,0,0,0,0,0,0,0,0,0,0,0,0,0,0,0,0,0,0,0,0,0,0,0,0,0,0,0,0,0,0,0,0,0,0,0,0,0,0,0,0,0,0,0,0,0,0,0,0,0,0,0,0,0,0,0,0,0,0,0,0,0,0,0,0,0,0,0,0,0,0,0,0,0,0,0,0,0,0
0.073996,0.073996,0.073996,0.073996,0.090486,0.090486,0.10359,0.10359,0.10486,0.10486,0.10613,0.10613,0.10613,0.10613,0.10655,0.10655,0.10655,0.10655,0.096406,0.096406,0.088795,0.088795,0.077801,0.077801,0.056237,0.056237,0.044397,0.044397,0.043129,0.043129,0.043129,0.043129,0.043129,0.043129,0.043129,0.043129,0.04186,0.04186,0.038055,0.038055,0.037632,0.037632,0.036364,0.036364,0.034672,0.034672,0.033404,0.033404,0.016913,0.016913,0.0029598,0.0029598,0.0029598,0.0029598,0.0029598,0.0029598,0.0029598,0.0029598,0.0029598,0.0029598,0.0029598,0.0029598,0.0029598,0.0029598,0.0029598,0.0029598,0.0029598,0.0029598,0.0029598,0.0029598,0.0029598,0.0029598,0.0029598,0.0029598,0.0029598,0.0029598,0.0029598,0.0029598,0.0029598,0.0029598,0.0029598,0.0029598,0.0029598,0.0029598,0.0029598,0.0029598,0.0029598,0.0029598,0.0029598,0.0029598,0.0029598,0.0029598,0.0029598,0.0029598,0.0016913,0.0016913,0.00042283,0.00042283,0.00042283,0.00042283,0,0,0,0,0,0,0,0,0,0,0,0,0,0,0,0,0,0,0,0,0,0,0,0,0,0,0,0,0,0,0,0,0,0,0,0,0,0,0,0,0,0,0,0,0,0,0,0,0,0,0,0,0,0,0,0,0,0,0,0,0,0,0,0,0,0,0,0,0,0,0,0,0,0,0,0,0,0,0,0,0,0,0,0,0,0,0,0,0,0,0,0,0,0,0,0,0,0,0,0,0,0,0,0,0,0,0,0,0,0,0,0,0,0,0,0,0,0,0,0,0,0,0,0,0,0,0,0,0,0,0,0,0,0,0,0,0,0,0,0,0,0,0,0,0,0,0,0,0,0,0,0,0,0,0,0,0,0,0,0,0,0,0,0,0,0
0,0,0,0,0.45,0.45,0,0,0,0,0,0,0,0,0,0,0,0,0.45,0.45,0.45,0.45,0.45,0.45,0.45,0.45,0,0,0,0,0,0,0,0,0,0,0.15,0.15,0.6,0.6,0.5,0.5,0.2,0.2,0.35,0.35,0.35,0.35,0.6,0.6,0.1,0.1,0,0,0,0,0,0,0,0,0,0,0,0,0,0,0,0,0,0,0,0,0,0,0,0,0,0,0,0,0,0,0,0,0,0,0,0,0,0,0,0,0,0,0.15,0.15,0.3,0.3,0.15,0.15,0.05,0.05,0.05,0.05,0,0,0,0,0,0,0,0,0,0,0,0,0,0,0,0,0,0,0,0,0,0,0,0,0,0,0,0,0,0,0,0,0,0,0,0,0,0,0,0,0,0,0,0,0,0,0,0,0,0,0,0,0,0,0,0,0,0,0,0,0,0,0,0,0,0,0,0,0,0,0,0,0,0,0,0,0,0,0,0,0,0,0,0,0,0,0,0,0,0,0,0,0,0,0,0,0,0,0,0,0,0,0,0,0,0,0,0,0,0,0,0,0,0,0,0,0,0,0,0,0,0,0,0,0,0,0,0,0,0,0,0,0,0,0,0,0,0,0,0,0,0,0,0,0,0,0,0,0,0,0,0,0,0,0,0,0,0,0,0,0,0
0.10549,0.10549,0.10549,0.10549,0.072527,0.072527,0.0043956,0.0043956,0.0043956,0.0043956,0.0021978,0.0021978,0.0021978,0.0021978,0,0,0,0,0,0,0,0,0,0,0,0,0,0,0,0,0,0,0,0,0,0,0,0,0,0,0,0,0,0,0,0,0,0,0,0,0,0,0,0,0,0,0,0,0,0,0,0,0,0,0,0,0,0,0,0,0,0,0,0,0,0,0,0,0,0,0,0,0,0,0,0,0,0,0,0,0,0,0,0,0,0,0,0,0,0,0,0,0,0,0,0,0,0,0,0,0,0,0,0,0,0,0,0,0,0,0,0,0,0,0,0,0,0,0,0,0,0,0,0,0,0,0,0,0,0,0,0,0,0,0,0,0,0,0,0,0,0,0,0,0,0,0,0,0,0,0,0,0,0,0,0,0,0,0,0,0,0,0,0,0,0,0,0,0,0,0,0,0,0,0,0,0,0,0,0,0,0,0,0,0,0,0,0,0,0,0,0,0,0,0,0,0,0,0,0,0,0,0,0,0,0,0,0,0,0,0,0,0,0,0,0,0,0,0,0,0,0,0,0,0,0,0,0,0,0,0,0,0,0,0,0,0,0,0,0,0,0,0,0,0,0,0,0,0,0,0,0,0,0,0,0
0.091892,0.091892,0.091892,0.091892,0.091892,0.091892,0.032432,0.032432,0.0054054,0.0054054,0.0054054,0.0054054,0.0036036,0.0036036,0.0036036,0.0036036,0,0,0,0,0,0,0,0,0,0,0,0,0,0,0,0,0,0,0,0,0,0,0,0,0,0,0,0,0,0,0,0,0,0,0,0,0,0,0,0,0,0,0,0,0,0,0,0,0,0,0,0,0,0,0,0,0,0,0,0,0,0,0,0,0,0,0,0,0,0,0,0,0,0,0,0,0,0,0,0,0,0,0,0,0,0,0,0,0,0,0,0,0,0,0,0,0,0,0,0,0,0,0,0,0,0,0,0,0,0,0,0,0,0,0,0,0,0,0,0,0,0,0,0,0,0,0,0,0,0,0,0,0,0,0,0,0,0,0,0,0,0,0,0,0,0,0,0,0,0,0,0,0,0,0,0,0,0,0,0,0,0,0,0,0,0,0,0,0,0,0,0,0,0,0,0,0,0,0,0,0,0,0,0,0,0,0,0,0,0,0,0,0,0,0,0,0,0,0,0,0,0,0,0,0,0,0,0,0,0,0,0,0,0,0,0,0,0,0,0,0,0,0,0,0,0,0,0,0,0,0,0,0,0,0,0,0,0,0,0,0,0,0,0,0,0,0,0,0,0
0.070637,0.070637,0.070637,0.070637,0.070637,0.070637,0.070637,0.070637,0.070637,0.070637,0.070637,0.070637,0.070637,0.070637,0.070637,0.070637,0.070637,0.070637,0.070637,0.070637,0.070637,0.070637,0.070637,0.070637,0.067867,0.067867,0.066944,0.066944,0.066944,0.066944,0.066944,0.066944,0.066944,0.066944,0.066944,0.066944,0.066944,0.066944,0.066944,0.066944,0.066944,0.066944,0.066944,0.066944,0.066944,0.066944,0.066944,0.066944,0.066944,0.066944,0.066944,0.066944,0.066944,0.066944,0.066944,0.066944,0.066944,0.066944,0.066944,0.066944,0.065097,0.065097,0.065097,0.065097,0.065097,0.065097,0.065097,0.065097,0.065097,0.065097,0.065097,0.065097,0.065097,0.065097,0.065097,0.065097,0.065097,0.065097,0.065097,0.065097,0.065097,0.065097,0.065097,0.065097,0.064866,0.064866,0.061404,0.061404,0.058633,0.058633,0.056094,0.056094,0.053324,0.053324,0.050785,0.050785,0.048476,0.048476,0.046399,0.046399,0.043398,0.043398,0.040628,0.040628,0.037396,0.037396,0.034857,0.034857,0.031625,0.031625,0.028624,0.028624,0.026316,0.026316,0.023777,0.023777,0.020776,0.020776,0.018006,0.018006,0.015466,0.015466,0.013389,0.013389,0.011311,0.011311,0.0090028,0.0090028,0.0069252,0.0069252,0.0048476,0.0048476,0.0025392,0.0025392,0.0020776,0.0020776,0.0020776,0.0020776,0.0020776,0.0020776,0.0020776,0.0020776,0.0020776,0.0020776,0.0018467,0.0018467,0.001385,0.001385,0.00092336,0.00092336,0,0,0,0,0,0,0,0,0,0,0,0,0,0,0,0,0,0,0,0,0,0,0,0,0,0,0,0,0,0,0,0,0,0,0,0,0,0,0,0,0,0,0,0,0,0,0,0,0,0,0,0,0,0,0,0,0,0,0,0,0,0,0,0,0,0,0,0,0,0,0,0,0,0,0,0,0,0,0,0,0,0,0,0,0,0,0,0,0,0,0,0,0,0,0,0,0,0,0,0,0,0,0,0,0,0,0,0,0,0,0,0,0,0,0,0
0.092754,0.092754,0.087923,0.087923,0.087923,0.087923,0.077778,0.077778,0.091304,0.091304,0.099034,0.099034,0.11643,0.11643,0.11643,0.11643,0.11208,0.11208,0.10483,0.10483,0.099034,0.099034,0.094686,0.094686,0.097585,0.097585,0.094203,0.094203,0.087923,0.087923,0.081159,0.081159,0.074396,0.074396,0.068599,0.068599,0.064251,0.064251,0.058454,0.058454,0.049275,0.049275,0.043478,0.043478,0.038647,0.038647,0.033816,0.033816,0.029469,0.029469,0.024638,0.024638,0.019807,0.019807,0.015459,0.015459,0.013527,0.013527,0.010628,0.010628,0.0086957,0.0086957,0.0086957,0.0086957,0.0086957,0.0086957,0.0086957,0.0086957,0.0086957,0.0086957,0.0086957,0.0086957,0.0086957,0.0086957,0.0086957,0.0086957,0.0086957,0.0086957,0.0086957,0.0086957,0.0086957,0.0086957,0.0086957,0.0086957,0.0086957,0.0086957,0.011111,0.011111,0.01256,0.01256,0.013043,0.013043,0.013043,0.013043,0.013043,0.013043,0.013527,0.013527,0.013527,0.013527,0.015459,0.015459,0.014493,0.014493,0.015459,0.015459,0.015942,0.015942,0.017391,0.017391,0.019324,0.019324,0.019807,0.019807,0.020773,0.020773,0.021739,0.021739,0.020773,0.020773,0.019324,0.019324,0.018841,0.018841,0.017391,0.017391,0.015459,0.015459,0.015459,0.015459,0.01401,0.01401,0.01256,0.01256,0.0082126,0.0082126,0.0048309,0.0048309,0.0038647,0.0038647,0.0024155,0.0024155,0.0019324,0.0019324,0.00096618,0.00096618,0.00048309,0.00048309,0.00048309,0.00048309,0,0,0,0,0,0,0,0,0,0,0,0,0,0,0,0,0,0,0,0,0,0,0,0,0,0,0,0,0,0,0,0,0,0,0,0,0,0,0,0,0,0,0,0,0,0,0,0,0,0,0,0,0,0,0,0,0,0,0,0,0,0,0,0,0,0,0,0,0,0,0,0,0,0,0,0,0,0,0,0,0,0,0,0,0,0,0,0,0,0,0,0,0,0,0,0,0,0,0,0,0,0,0,0,0,0,0,0,0,0,0,0,0,0,0,0
0.080882,0.080882,0.080882,0.080882,0.080882,0.080882,0.080882,0.080882,0.080882,0.080882,0.049837,0.049837,0.01634,0.01634,0.01634,0.01634,0.01634,0.01634,0.01634,0.01634,0.013889,0.013889,0.0098039,0.0098039,0.003268,0.003268,0.00081699,0.00081699,0.00081699,0.00081699,0.00081699,0.00081699,0.00081699,0.00081699,0.00081699,0.00081699,0.00081699,0.00081699,0.00081699,0.00081699,0.00081699,0.00081699,0.00081699,0.00081699,0.00081699,0.00081699,0.00081699,0.00081699,0,0,0,0,0,0,0,0,0,0,0,0,0,0,0,0,0,0,0,0,0,0,0,0,0,0,0,0,0,0,0,0,0,0,0,0,0,0,0,0,0,0,0,0,0,0,0,0,0,0,0,0,0,0,0,0,0,0,0,0,0,0,0,0,0,0,0,0,0,0,0,0,0,0,0,0,0,0,0,0,0,0,0,0,0,0,0,0,0,0,0,0,0,0,0,0,0,0,0,0,0,0,0,0,0,0,0,0,0,0,0,0,0,0,0,0,0,0,0,0,0,0,0,0,0,0,0,0,0,0,0,0,0,0,0,0,0,0,0,0,0,0,0,0,0,0,0,0,0,0,0,0,0,0,0,0,0,0,0,0,0,0,0,0,0,0,0,0,0,0,0,0,0,0,0,0,0,0,0,0,0,0,0,0,0,0,0,0,0,0,0,0,0,0,0,0,0,0,0,0,0,0,0,0,0,0,0,0,0,0,0,0,0,0,0,0,0,0
0.095312,0.095312,0.095312,0.095312,0.078125,0.078125,0.11094,0.11094,0.067187,0.067187,0.064062,0.064062,0.067187,0.067187,0.067187,0.067187,0.035937,0.035937,0.017188,0.017188,0.010937,0.010937,0.00625,0.00625,0.00625,0.00625,0.00625,0.00625,0.00625,0.00625,0.00625,0.00625,0.00625,0.00625,0.0015625,0.0015625,0.0015625,0.0015625,0.0078125,0.0078125,0.023438,0.023438,0.026562,0.026562,0.026562,0.026562,0.025,0.025,0.01875,0.01875,0.003125,0.003125,0,0,0,0,0,0,0,0,0,0,0,0,0,0,0,0,0,0,0,0,0,0,0,0,0,0,0,0,0,0,0,0,0,0,0,0,0,0,0,0,0,0,0,0,0,0,0,0,0,0,0.0078125,0.0078125,0.0125,0.0125,0.014063,0.014063,0.014063,0.014063,0.014063,0.014063,0.00625,0.00625,0.0015625,0.0015625,0.003125,0.003125,0.0078125,0.0078125,0.015625,0.015625,0.017188,0.017188,0.021875,0.021875,0.025,0.025,0.020313,0.020313,0.017188,0.017188,0.020313,0.020313,0.017188,0.017188,0.015625,0.015625,0.015625,0.015625,0.015625,0.015625,0.0125,0.0125,0.0125,0.0125,0.010937,0.010937,0.010937,0.010937,0.009375,0.009375,0.009375,0.009375,0.009375,0.009375,0.0078125,0.0078125,0.0078125,0.0078125,0.00625,0.00625,0.0046875,0.0046875,0.003125,0.003125,0.0015625,0.0015625,0.0015625,0.0015625,0,0,0,0,0,0,0,0,0,0,0,0,0,0,0,0,0,0,0,0,0,0,0,0,0,0,0,0,0,0,0,0,0,0,0,0,0,0,0,0,0,0,0,0,0,0,0,0,0,0,0,0,0,0,0,0,0,0,0,0,0,0,0,0,0,0,0,0,0,0,0,0,0,0,0,0,0,0,0,0,0,0,0,0,0,0,0,0,0,0,0,0,0,0,0,0
0.08381,0.08381,0.08381,0.08381,0.08381,0.08381,0.08381,0.08381,0.062857,0.062857,0.02381,0.02381,0.0057143,0.0057143,0.0057143,0.0057143,0.0057143,0.0057143,0.0057143,0.0057143,0.0019048,0.0019048,0.00095238,0.00095238,0,0,0,0,0,0,0,0,0,0,0,0,0,0,0,0,0,0,0,0,0,0,0,0,0,0,0,0,0,0,0,0,0,0,0,0,0,0,0,0,0,0,0,0,0,0,0,0,0,0,0,0,0,0,0,0,0,0,0,0,0,0,0,0,0,0,0,0,0,0,0,0,0,0,0,0,0,0,0,0,0,0,0,0,0,0,0,0,0,0,0,0,0,0,0,0,0,0,0,0,0,0,0,0,0,0,0,0,0,0,0,0,0,0,0,0,0,0,0,0,0,0,0,0,0,0,0,0,0,0,0,0,0,0,0,0,0,0,0,0,0,0,0,0,0,0,0,0,0,0,0,0,0,0,0,0,0,0,0,0,0,0,0,0,0,0,0,0,0,0,0,0,0,0,0,0,0,0,0,0,0,0,0,0,0,0,0,0,0,0,0,0,0,0,0,0,0,0,0,0,0,0,0,0,0,0,0,0,0,0,0,0,0,0,0,0,0,0,0,0,0,0,0,0,0,0,0,0,0,0,0,0,0,0,0,0,0,0,0,0,0,0
0.10469,0.10469,0.10469,0.10469,0.096875,0.096875,0.06875,0.06875,0.046875,0.046875,0.054688,0.054688,0.059375,0.059375,0.059375,0.059375,0.092188,0.092188,0.11094,0.11094,0.11719,0.11719,0.12187,0.12187,0.12344,0.12344,0.125,0.125,0.12187,0.12187,0.11563,0.11563,0.10938,0.10938,0.1125,0.1125,0.1125,0.1125,0.1125,0.1125,0.10781,0.10781,0.10312,0.10312,0.098437,0.098437,0.095312,0.095312,0.096875,0.096875,0.10781,0.10781,0.10625,0.10625,0.10156,0.10156,0.096875,0.096875,0.095312,0.095312,0.095312,0.095312,0.095312,0.095312,0.095312,0.095312,0.095312,0.095312,0.06875,0.06875,0.04375,0.04375,0.015625,0.015625,0.015625,0.015625,0.00625,0.00625,0.0046875,0.0046875,0.0046875,0.0046875,0.0046875,0.0046875,0.0046875,0.0046875,0.0046875,0.0046875,0.0046875,0.0046875,0.0046875,0.0046875,0.0046875,0.0046875,0.0046875,0.0046875,0.003125,0.003125,0,0,0,0,0,0,0,0,0,0,0,0,0,0,0.0078125,0.0078125,0.0125,0.0125,0.014063,0.014063,0.014063,0.014063,0.014063,0.014063,0.010937,0.010937,0.010937,0.010937,0.014063,0.014063,0.01875,0.01875,0.015625,0.015625,0.017188,0.017188,0.021875,0.021875,0.026562,0.026562,0.026562,0.026562,0.026562,0.026562,0.028125,0.028125,0.026562,0.026562,0.025,0.025,0.01875,0.01875,0.015625,0.015625,0.0078125,0.0078125,0.00625,0.00625,0.0078125,0.0078125,0.0078125,0.0078125,0.009375,0.009375,0.010937,0.010937,0.010937,0.010937,0.0125,0.0125,0.0125,0.0125,0.014063,0.014063,0.014063,0.014063,0.0125,0.0125,0.010937,0.010937,0.0078125,0.0078125,0.00625,0.00625,0.0046875,0.0046875,0.003125,0.003125,0.0015625,0.0015625,0.0015625,0.0015625,0,0,0,0,0,0,0,0,0,0,0,0,0,0,0,0,0,0,0,0,0,0,0,0,0,0,0,0,0,0,0,0,0,0,0,0,0,0,0,0,0,0,0,0,0,0,0,0,0,0,0,0,0,0,0,0,0,0,0,0,0,0,0,0,0,0,0,0,0,0,0,0,0,0,0,0
0.10311,0.10311,0.10311,0.10311,0.070376,0.070376,0.021277,0.021277,0.0081833,0.0081833,0.0065466,0.0065466,0.00491,0.00491,0,0,0,0,0,0,0,0,0,0,0,0,0,0,0,0,0,0,0,0,0,0,0,0,0,0,0,0,0,0,0,0,0,0,0,0,0,0,0,0,0,0,0,0,0,0,0,0,0,0,0,0,0,0,0,0,0,0,0,0,0,0,0,0,0,0,0,0,0,0,0,0,0,0,0,0,0,0,0,0,0,0,0,0,0,0,0,0,0,0,0,0,0,0,0,0,0,0,0,0,0,0,0,0,0,0,0,0,0,0,0,0,0,0,0,0,0,0,0,0,0,0,0,0,0,0,0,0,0,0,0,0,0,0,0,0,0,0,0,0,0,0,0,0,0,0,0,0,0,0,0,0,0,0,0,0,0,0,0,0,0,0,0,0,0,0,0,0,0,0,0,0,0,0,0,0,0,0,0,0,0,0,0,0,0,0,0,0,0,0,0,0,0,0,0,0,0,0,0,0,0,0,0,0,0,0,0,0,0,0,0,0,0,0,0,0,0,0,0,0,0,0,0,0,0,0,0,0,0,0,0,0,0,0,0,0,0,0,0,0,0,0,0,0,0,0,0,0,0,0,0,0
0.12195,0.12195,0.12195,0.12195,0.039024,0.039024,0.039024,0.039024,0.036585,0.036585,0,0,0,0,0,0,0,0,0,0,0,0,0,0,0,0,0,0,0,0,0,0,0,0,0,0,0,0,0,0,0,0,0,0,0,0,0,0,0,0,0,0,0,0,0,0,0,0,0,0,0,0,0,0,0,0,0,0,0,0,0,0,0,0,0,0,0,0,0,0,0,0,0,0,0,0,0,0,0,0,0,0,0,0,0,0,0,0,0,0,0,0,0,0,0,0,0,0,0,0,0,0,0,0,0,0,0,0,0,0,0,0,0,0,0,0,0,0,0,0,0,0,0,0,0,0,0,0,0,0,0,0,0,0,0,0,0,0,0,0,0,0,0,0,0,0,0,0,0,0,0,0,0,0,0,0,0,0,0,0,0,0,0,0,0,0,0,0,0,0,0,0,0,0,0,0,0,0,0,0,0,0,0,0,0,0,0,0,0,0,0,0,0,0,0,0,0,0,0,0,0,0,0,0,0,0,0,0,0,0,0,0,0,0,0,0,0,0,0,0,0,0,0,0,0,0,0,0,0,0,0,0,0,0,0,0,0,0,0,0,0,0,0,0,0,0,0,0,0,0,0,0,0,0,0,0
0.089362,0.089362,0.089362,0.089362,0.15461,0.15461,0.20709,0.20709,0.21702,0.21702,0.19716,0.19716,0.17447,0.17447,0.15603,0.15603,0.14184,0.14184,0.14184,0.14184,0.14184,0.14184,0.14184,0.14184,0.14184,0.14184,0.14184,0.14184,0.14184,0.14184,0.14184,0.14184,0.14184,0.14184,0.14184,0.14184,0.14184,0.14184,0.14184,0.14184,0.14184,0.14184,0.14184,0.14184,0.14184,0.14184,0.14184,0.14184,0.14184,0.14184,0.14184,0.14184,0.14184,0.14184,0.14184,0.14184,0.14184,0.14184,0.14184,0.14184,0.14184,0.14184,0.14184,0.14184,0.14184,0.14184,0.14184,0.14184,0.14184,0.14184,0.14184,0.14184,0.14184,0.14184,0.14184,0.14184,0.14184,0.14184,0.13191,0.13191,0.10922,0.10922,0.083688,0.083688,0.062411,0.062411,0.039716,0.039716,0.021277,0.021277,0.0028369,0.0028369,0.0028369,0.0028369,0.0028369,0.0028369,0.0028369,0.0028369,0.0028369,0.0028369,0.0028369,0.0028369,0.0028369,0.0028369,0,0,0,0,0,0,0,0,0,0,0,0,0,0,0,0,0,0,0,0,0,0,0,0,0,0,0,0,0,0,0,0,0,0,0,0,0,0,0,0,0,0,0,0,0,0,0,0,0,0,0,0,0,0,0,0,0,0,0,0,0,0,0,0,0,0,0,0,0,0,0,0,0,0,0,0,0,0,0,0,0,0,0,0,0,0,0,0,0,0,0,0,0,0,0,0,0,0,0,0,0,0,0,0,0,0,0,0,0,0,0,0,0,0,0,0,0,0,0,0,0,0,0,0,0,0,0,0,0,0,0,0,0,0,0,0,0,0,0,0,0,0,0,0,0,0,0,0,0,0,0,0,0,0,0,0,0,0,0,0,0,0
0.090476,0.090476,0.090476,0.090476,0.02619,0.02619,0.0071429,0.0071429,0,0,0,0,0,0,0,0,0,0,0,0,0,0,0,0,0,0,0,0,0,0,0,0,0,0,0,0,0,0,0,0,0,0,0,0,0,0,0,0,0,0,0,0,0,0,0,0,0,0,0,0,0,0,0,0,0,0,0,0,0,0,0,0,0,0,0,0,0,0,0,0,0,0,0,0,0,0,0,0,0,0,0,0,0,0,0,0,0,0,0,0,0,0,0,0,0,0,0,0,0,0,0,0,0,0,0,0,0,0,0,0,0,0,0,0,0,0,0,0,0,0,0,0,0,0,0,0,0,0,0,0,0,0,0,0,0,0,0,0,0,0,0,0,0,0,0,0,0,0,0,0,0,0,0,0,0,0,0,0,0,0,0,0,0,0,0,0,0,0,0,0,0,0,0,0,0,0,0,0,0,0,0,0,0,0,0,0,0,0,0,0,0,0,0,0,0,0,0,0,0,0,0,0,0,0,0,0,0,0,0,0,0,0,0,0,0,0,0,0,0,0,0,0,0,0,0,0,0,0,0,0,0,0,0,0,0,0,0,0,0,0,0,0,0,0,0,0,0,0,0,0,0,0,0,0,0,0
0.080645,0.080645,0.081989,0.081989,0.081989,0.081989,0.081989,0.081989,0.096774,0.096774,0.12366,0.12366,0.13508,0.13508,0.13508,0.13508,0.12097,0.12097,0.083333,0.083333,0.071237,0.071237,0.071237,0.071237,0.071237,0.071237,0.071237,0.071237,0.071237,0.071237,0.071237,0.071237,0.071237,0.071237,0.071237,0.071237,0.071237,0.071237,0.071237,0.071237,0.06586,0.06586,0.06586,0.06586,0.06586,0.06586,0.06586,0.06586,0.06586,0.06586,0.06586,0.06586,0.06586,0.06586,0.06586,0.06586,0.06586,0.06586,0.06586,0.06586,0.06586,0.06586,0.06586,0.06586,0.06586,0.06586,0.06586,0.06586,0.06586,0.06586,0.06586,0.06586,0.06586,0.06586,0.034274,0.034274,0.010753,0.010753,0.010081,0.010081,0.010081,0.010081,0.010081,0.010081,0.010081,0.010081,0.010081,0.010081,0.010081,0.010081,0.0080645,0.0080645,0.0026882,0.0026882,0.0013441,0.0013441,0.0013441,0.0013441,0.0013441,0.0013441,0.0013441,0.0013441,0.00067204,0.00067204,0,0,0,0,0,0,0,0,0,0,0,0,0,0,0,0,0,0,0,0,0,0,0,0,0,0,0,0,0,0,0,0,0,0,0,0,0,0,0,0,0,0,0,0,0,0,0,0,0,0,0,0,0,0,0,0,0,0,0,0,0,0,0,0,0,0,0,0,0,0,0,0,0,0,0,0,0,0,0,0,0,0,0,0,0,0,0,0,0,0,0,0,0,0,0,0,0,0,0,0,0,0,0,0,0,0,0,0,0,0,0,0,0,0,0,0,0,0,0,0,0,0,0,0,0,0,0,0,0,0,0,0,0,0,0,0,0,0,0,0,0,0,0,0,0,0,0,0,0,0,0,0,0,0,0,0,0,0,0,0,0,0
0.089362,0.089362,0.089362,0.089362,0.089362,0.089362,0.11915,0.11915,0.13723,0.13723,0.13723,0.13723,0.14043,0.14043,0.14362,0.14362,0.14362,0.14362,0.14362,0.14362,0.1,0.1,0.029787,0.029787,0.006383,0.006383,0.006383,0.006383,0.006383,0.006383,0.006383,0.006383,0.006383,0.006383,0.006383,0.006383,0.006383,0.006383,0.006383,0.006383,0.006383,0.006383,0.006383,0.006383,0.006383,0.006383,0.006383,0.006383,0.006383,0.006383,0.006383,0.006383,0.006383,0.006383,0.006383,0.006383,0.006383,0.006383,0.006383,0.006383,0.006383,0.006383,0.006383,0.006383,0.006383,0.006383,0.006383,0.006383,0.006383,0.006383,0.006383,0.006383,0.006383,0.006383,0.006383,0.006383,0.006383,0.006383,0.006383,0.006383,0.006383,0.006383,0.006383,0.006383,0.006383,0.006383,0.006383,0.006383,0.006383,0.006383,0.006383,0.006383,0.006383,0.006383,0,0,0,0,0,0,0,0,0,0,0,0,0,0,0,0,0,0,0,0,0,0,0,0,0,0,0,0,0,0,0,0,0,0,0,0,0,0,0,0,0,0,0,0,0,0,0,0,0,0,0,0,0,0,0,0,0,0,0,0,0,0,0,0,0,0,0,0,0,0,0,0,0,0,0,0,0,0,0,0,0,0,0,0,0,0,0,0,0,0,0,0,0,0,0,0,0,0,0,0,0,0,0,0,0,0,0,0,0,0,0,0,0,0,0,0,0,0,0,0,0,0,0,0,0,0,0,0,0,0,0,0,0,0,0,0,0,0,0,0,0,0,0,0,0,0,0,0,0,0,0,0,0,0,0,0,0,0,0,0,0,0,0,0,0,0,0,0,0,0,0,0
0.4,0.4,0.35,0.35,0.95,0.95,0.95,0.95,0.9,0.9,0.95,0.95,0.95,0.95,0.9,0.9,0.9,0.9,0.55,0.55,0.45,0.45,0.65,0.65,0.65,0.65,0.3,0.3,0.85,0.85,0.9,0.9,0.9,0.9,0.8,0.8,0.85,0.85,0.9,0.9,0.9,0.9,0.9,0.9,0.9,0.9,0.95,0.95,0.95,0.95,0.95,0.95,0.95,0.95,0.95,0.95,0.95,0.95,0.65,0.65,0.95,0.95,0.95,0.95,0.95,0.95,0.95,0.95,0.9,0.9,0.9,0.9,0.9,0.9,0.5,0.5,0.5,0.5,0.9,0.9,0.9,0.9,0.9,0.9,0.9,0.9,0.9,0.9,0.9,0.9,0.9,0.9,0.6,0.6,0.85,0.85,0.45,0.45,0.55,0.55,0.95,0.95,0.95,0.95,0.9,0.9,0.35,0.35,0.9,0.9,0.95,0.95,0.95,0.95,0.95,0.95,0.05,0.05,0.5,0.5,0.6,0.6,0.95,0.95,0.95,0.95,0.95,0.95,0.95,0.95,0.8,0.8,0.4,0.4,0.5,0.5,0.85,0.85,0.9,0.9,0.9,0.9,0.9,0.9,0.9,0.9,0.9,0.9,0.9,0.9,0.9,0.9,0.9,0.9,0.7,0.7,0.85,0.85,0.9,0.9,0.9,0.9,0.9,0.9,0.85,0.85,0.8,0.8,0.9,0.9,0.9,0.9,0.8,0.8,0.85,0.85,0.85,0.85,0.9,0.9,0.95,0.95,0.95,0.95,0.95,0.95,0.6,0.6,0.65,0.65,0.35,0.35,0.8,0.8,0.8,0.8,0.9,0.9,0.9,0.9,0.9,0.9,0.6,0.6,0.65,0.65,0.6,0.6,0.65,0.65,0.35,0.35,0,0,0,0,0,0,0,0,0,0,0,0,0,0,0,0,0,0,0,0,0,0,0,0,0,0,0,0,0,0,0,0,0,0,0,0,0,0,0,0,0,0,0,0,0,0,0,0,0,0,0,0,0,0
0.091892,0.091892,0.091892,0.091892,0.091892,0.091892,0.041441,0.041441,0.010811,0.010811,0.010811,0.010811,0.0054054,0.0054054,0,0,0,0,0,0,0,0,0,0,0,0,0,0,0,0,0,0,0,0,0,0,0,0,0,0,0,0,0,0,0,0,0,0,0,0,0,0,0,0,0,0,0,0,0,0,0,0,0,0,0,0,0,0,0,0,0,0,0,0,0,0,0,0,0,0,0,0,0,0,0,0,0,0,0,0,0,0,0,0,0,0,0,0,0,0,0,0,0,0,0,0,0,0,0,0,0,0,0,0,0,0,0,0,0,0,0,0,0,0,0,0,0,0,0,0,0,0,0,0,0,0,0,0,0,0,0,0,0,0,0,0,0,0,0,0,0,0,0,0,0,0,0,0,0,0,0,0,0,0,0,0,0,0,0,0,0,0,0,0,0,0,0,0,0,0,0,0,0,0,0,0,0,0,0,0,0,0,0,0,0,0,0,0,0,0,0,0,0,0,0,0,0,0,0,0,0,0,0,0,0,0,0,0,0,0,0,0,0,0,0,0,0,0,0,0,0,0,0,0,0,0,0,0,0,0,0,0,0,0,0,0,0,0,0,0,0,0,0,0,0,0,0,0,0,0,0,0,0,0,0,0
0.073996,0.073996,0.073996,0.073996,0.086681,0.086681,0.099366,0.099366,0.099789,0.099789,0.10444,0.10444,0.10486,0.10486,0.10529,0.10529,0.10529,0.10529,0.086258,0.086258,0.07019,0.07019,0.049894,0.049894,0.041438,0.041438,0.041438,0.041438,0.041438,0.041438,0.041438,0.041438,0.041438,0.041438,0.041438,0.041438,0.040592,0.040592,0.039323,0.039323,0.036364,0.036364,0.034249,0.034249,0.033827,0.033827,0.033404,0.033404,0.012262,0.012262,0.0059197,0.0059197,0.0059197,0.0059197,0.0033827,0.0033827,0.0033827,0.0033827,0.0033827,0.0033827,0.0033827,0.0033827,0.0033827,0.0033827,0.0033827,0.0033827,0.0033827,0.0033827,0.0033827,0.0033827,0.0033827,0.0033827,0.0033827,0.0033827,0.0033827,0.0033827,0.0033827,0.0033827,0.0033827,0.0033827,0.0033827,0.0033827,0.0033827,0.0033827,0.0033827,0.0033827,0.0033827,0.0033827,0.0033827,0.0033827,0.0033827,0.0033827,0.0033827,0.0033827,0.0029598,0.0029598,0.00084567,0.00084567,0.00042283,0.00042283,0,0,0,0,0,0,0,0,0,0,0,0,0,0,0,0,0,0,0,0,0,0,0,0,0,0,0,0,0,0,0,0,0,0,0,0,0,0,0,0,0,0,0,0,0,0,0,0,0,0,0,0,0,0,0,0,0,0,0,0,0,0,0,0,0,0,0,0,0,0,0,0,0,0,0,0,0,0,0,0,0,0,0,0,0,0,0,0,0,0,0,0,0,0,0,0,0,0,0,0,0,0,0,0,0,0,0,0,0,0,0,0,0,0,0,0,0,0,0,0,0,0,0,0,0,0,0,0,0,0,0,0,0,0,0,0,0,0,0,0,0,0,0,0,0,0,0,0,0,0,0,0,0,0,0,0,0,0,0,0,0,0,0,0,0,0
0.10549,0.10549,0.10549,0.10549,0.074725,0.074725,0.0087912,0.0087912,0.0087912,0.0087912,0.0043956,0.0043956,0.0021978,0.0021978,0,0,0,0,0,0,0,0,0,0,0,0,0,0,0,0,0,0,0,0,0,0,0,0,0,0,0,0,0,0,0,0,0,0,0,0,0,0,0,0,0,0,0,0,0,0,0,0,0,0,0,0,0,0,0,0,0,0,0,0,0,0,0,0,0,0,0,0,0,0,0,0,0,0,0,0,0,0,0,0,0,0,0,0,0,0,0,0,0,0,0,0,0,0,0,0,0,0,0,0,0,0,0,0,0,0,0,0,0,0,0,0,0,0,0,0,0,0,0,0,0,0,0,0,0,0,0,0,0,0,0,0,0,0,0,0,0,0,0,0,0,0,0,0,0,0,0,0,0,0,0,0,0,0,0,0,0,0,0,0,0,0,0,0,0,0,0,0,0,0,0,0,0,0,0,0,0,0,0,0,0,0,0,0,0,0,0,0,0,0,0,0,0,0,0,0,0,0,0,0,0,0,0,0,0,0,0,0,0,0,0,0,0,0,0,0,0,0,0,0,0,0,0,0,0,0,0,0,0,0,0,0,0,0,0,0,0,0,0,0,0,0,0,0,0,0,0,0,0,0,0,0
0.090476,0.090476,0.090476,0.090476,0.078571,0.078571,0.10238,0.10238,0.10238,0.10238,0.10238,0.10238,0.10476,0.10476,0.10714,0.10714,0.10714,0.10714,0.10952,0.10952,0.10952,0.10952,0.10714,0.10714,0.10714,0.10714,0.10714,0.10714,0.10714,0.10714,0.10714,0.10714,0.18571,0.18571,0.26667,0.26667,0.34762,0.34762,0.42857,0.42857,0.44762,0.44762,0.4619,0.4619,0.45952,0.45952,0.45238,0.45238,0.44524,0.44524,0.44524,0.44524,0.41905,0.41905,0.35714,0.35714,0.30476,0.30476,0.24286,0.24286,0.17619,0.17619,0.11667,0.11667,0.054762,0.054762,0.045238,0.045238,0.035714,0.035714,0.040476,0.040476,0.052381,0.052381,0.057143,0.057143,0.057143,0.057143,0.057143,0.057143,0.057143,0.057143,0.05,0.05,0.045238,0.045238,0.028571,0.028571,0.021429,0.021429,0.016667,0.016667,0.0047619,0.0047619,0,0,0,0,0,0,0,0,0,0,0,0,0,0,0,0,0,0,0,0,0,0,0,0,0,0,0,0,0,0,0,0,0,0,0,0,0,0,0,0,0,0,0,0,0,0,0,0,0,0,0,0,0,0,0,0,0,0,0,0,0,0,0,0,0,0,0,0,0,0,0,0,0,0,0,0,0,0,0,0,0,0,0,0,0,0,0,0,0,0,0,0,0,0,0,0,0,0,0,0,0,0,0,0,0,0,0,0,0,0,0,0,0,0,0,0,0,0,0,0,0,0,0,0,0,0,0,0,0,0,0,0,0,0,0,0,0,0,0,0,0,0,0,0,0,0,0,0,0,0,0,0,0,0,0,0,0,0,0,0,0,0,0,0,0,0,0,0,0,0,0,0
0.10549,0.10549,0.10549,0.10549,0.07033,0.07033,0.0043956,0.0043956,0.0043956,0.0043956,0.0043956,0.0043956,0.0021978,0.0021978,0,0,0,0,0.074725,0.074725,0.14945,0.14945,0.22418,0.22418,0.2989,0.2989,0.31648,0.31648,0.32967,0.32967,0.32967,0.32967,0.25495,0.25495,0.18022,0.18022,0.11209,0.11209,0.041758,0.041758,0.03956,0.03956,0.032967,0.032967,0.037363,0.037363,0.048352,0.048352,0.052747,0.052747,0.052747,0.052747,0.052747,0.052747,0.052747,0.052747,0.052747,0.052747,0.052747,0.052747,0.052747,0.052747,0.046154,0.046154,0.041758,0.041758,0.026374,0.026374,0.01978,0.01978,0.015385,0.015385,0.0043956,0.0043956,0,0,0,0,0,0,0,0,0,0,0,0,0,0,0,0,0,0,0,0,0,0,0,0,0,0,0,0,0,0,0,0,0,0,0,0,0,0,0,0,0,0,0,0,0,0,0,0,0,0,0,0,0,0,0,0,0,0,0,0,0,0,0,0,0,0,0,0,0,0,0,0,0,0,0,0,0,0,0,0,0,0,0,0,0,0,0,0,0,0,0,0,0,0,0,0,0,0,0,0,0,0,0,0,0,0,0,0,0,0,0,0,0,0,0,0,0,0,0,0,0,0,0,0,0,0,0,0,0,0,0,0,0,0,0,0,0,0,0,0,0,0,0,0,0,0,0,0,0,0,0,0,0,0,0,0,0,0,0,0,0,0,0,0,0,0,0,0,0,0,0,0,0,0,0,0,0,0,0,0,0,0,0,0,0,0,0,0,0,0,0,0
0.070637,0.070637,0.070637,0.070637,0.070637,0.070637,0.070637,0.070637,0.070637,0.070637,0.070637,0.070637,0.070637,0.070637,0.070637,0.070637,0.070637,0.070637,0.070637,0.070637,0.070637,0.070637,0.070637,0.070637,0.042013,0.042013,0.013389,0.013389,0.0066944,0.0066944,0.0066944,0.0066944,0.0066944,0.0066944,0.0066944,0.0066944,0.0066944,0.0066944,0.0066944,0.0066944,0.0066944,0.0066944,0.0066944,0.0066944,0.0066944,0.0066944,0.0066944,0.0066944,0.0053093,0.0053093,0.0039243,0.0039243,0.0023084,0.0023084,0.0011542,0.0011542,0,0,0,0,0,0,0,0,0,0,0,0,0,0,0,0,0,0,0,0,0,0,0,0,0,0,0,0,0,0,0,0,0,0,0,0,0,0,0,0,0,0,0,0,0,0,0,0,0,0,0,0,0,0,0,0,0,0,0,0,0,0,0,0,0,0,0,0,0,0,0,0,0,0,0,0,0,0,0,0,0,0,0,0,0,0,0,0,0,0,0,0,0,0,0,0,0,0,0,0,0,0,0,0,0,0,0,0,0,0,0,0,0,0,0,0,0,0,0,0,0,0,0,0,0,0,0,0,0,0,0,0,0,0,0,0,0,0,0,0,0,0,0,0,0,0,0,0,0,0,0,0,0,0,0,0,0,0,0,0,0,0,0,0,0,0,0,0,0,0,0,0,0,0,0,0,0,0,0,0,0,0,0,0,0,0,0,0,0,0,0,0,0,0,0,0,0,0,0,0,0,0,0,0,0,0,0,0,0,0
0.086957,0.086957,0.086957,0.086957,0.11304,0.11304,0.059903,0.059903,0.0343,0.0343,0.055556,0.055556,0.07343,0.07343,0.071498,0.071498,0.068599,0.068599,0.055556,0.055556,0.042995,0.042995,0.043961,0.043961,0.0343,0.0343,0.014493,0.014493,0.0038647,0.0038647,0.0038647,0.0038647,0.023188,0.023188,0.043478,0.043478,0.043478,0.043478,0.042995,0.042995,0.042512,0.042512,0.042512,0.042512,0.042512,0.042512,0.03285,0.03285,0.013527,0.013527,0.0024155,0.0024155,0.0014493,0.0014493,0.00048309,0.00048309,0,0,0,0,0,0,0,0,0.00096618,0.00096618,0.0019324,0.0019324,0.0028986,0.0028986,0.0028986,0.0028986,0.0028986,0.0028986,0.0028986,0.0028986,0.0028986,0.0028986,0.0028986,0.0028986,0.0028986,0.0028986,0.0028986,0.0028986,0.0028986,0.0028986,0.0028986,0.0028986,0.0028986,0.0028986,0.0028986,0.0028986,0.0028986,0.0028986,0.0019324,0.0019324,0.00096618,0.00096618,0,0,0,0,0,0,0,0,0,0,0,0,0,0,0,0,0,0,0,0,0,0,0,0,0,0,0,0,0,0,0,0,0,0,0,0,0,0,0,0,0,0,0,0,0,0,0,0,0,0,0,0,0,0,0,0,0,0,0,0,0,0,0,0,0,0,0,0,0,0,0,0,0,0,0,0,0,0,0,0,0,0,0,0,0,0,0,0,0,0,0,0,0,0,0,0,0,0,0,0,0,0,0,0,0,0,0,0,0,0,0,0,0,0,0,0,0,0,0,0,0,0,0,0,0,0,0,0,0,0,0,0,0,0,0,0,0,0,0,0,0,0,0,0,0,0,0,0,0,0,0,0,0,0,0,0,0,0,0,0,0,0,0,0,0,0,0,0
0,0,0,0,0,0,0.9,0.9,0.9,0.9,0.1,0.1,0.6,0.6,0.4,0.4,0.5,0.5,0.9,0.9,0,0,0,0,0.9,0.9,0.9,0.9,0.9,0.9,0.9,0.9,0.9,0.9,0,0,0.9,0.9,0.2,0.2,0,0,0,0,0,0,0.9,0.9,0.9,0.9,0,0,0.9,0.9,0.5,0.5,0.5,0.5,0.1,0.1,0.2,0.2,0.3,0.3,0.1,0.1,0,0,0,0,0,0,0,0,0,0,0,0,0,0,0,0,0,0,0,0,0,0,0,0,0,0,0,0,0.4,0.4,0.2,0.2,0.2,0.2,0.1,0.1,0,0,0,0,0,0,0,0,0,0,0,0,0,0,0,0,0,0,0,0,0,0,0,0,0,0,0,0,0,0,0,0,0,0,0,0,0,0,0,0,0,0,0,0,0,0,0,0,0,0,0,0,0,0,0,0,0,0,0,0,0,0,0,0,0,0,0,0,0,0,0,0,0,0,0,0,0,0,0,0,0,0,0,0,0,0,0,0,0,0,0,0,0,0,0,0,0,0,0,0,0,0,0,0,0,0,0,0,0,0,0,0,0,0,0,0,0,0,0,0,0,0,0,0,0,0,0,0,0,0,0,0,0,0,0,0,0,0,0,0,0,0,0,0,0,0,0,0,0,0,0,0,0,0,0,0,0,0,0,0,0,0,0,0
0.075163,0.075163,0.075163,0.075163,0.075163,0.075163,0.075163,0.075163,0.10784,0.10784,0.10703,0.10703,0.071895,0.071895,0.071895,0.071895,0.073529,0.073529,0.075163,0.075163,0.07598,0.07598,0.074346,0.074346,0.072712,0.072712,0.071895,0.071895,0.071895,0.071895,0.071895,0.071895,0.039216,0.039216,0.004902,0.004902,0.004902,0.004902,0.004902,0.004902,0.004902,0.004902,0.004902,0.004902,0.004902,0.004902,0.004902,0.004902,0.004902,0.004902,0.004902,0.004902,0.004902,0.004902,0.004902,0.004902,0.004902,0.004902,0.004902,0.004902,0.004902,0.004902,0.004902,0.004902,0.003268,0.003268,0.001634,0.001634,0,0,0,0,0,0,0,0,0,0,0,0,0,0,0,0,0,0,0,0,0,0,0,0,0,0,0,0,0,0,0,0,0,0,0,0,0,0,0,0,0,0,0,0,0,0,0,0,0,0,0,0,0,0,0,0,0,0,0,0,0,0,0,0,0,0,0,0,0,0,0,0,0,0,0,0,0,0,0,0,0,0,0,0,0,0,0,0,0,0,0,0,0,0,0,0,0,0,0,0,0,0,0,0,0,0,0,0,0,0,0,0,0,0,0,0,0,0,0,0,0,0,0,0,0,0,0,0,0,0,0,0,0,0,0,0,0,0,0,0,0,0,0,0,0,0,0,0,0,0,0,0,0,0,0,0,0,0,0,0,0,0,0,0,0,0,0,0,0,0,0,0,0,0,0,0,0,0,0,0,0,0,0,0,0,0,0,0,0,0,0,0,0,0,0,0,0,0
0.0875,0.0875,0.0875,0.0875,0.003125,0.003125,0.003125,0.003125,0.0015625,0.0015625,0,0,0,0,0,0,0,0,0,0,0,0,0,0,0,0,0,0,0,0,0,0,0,0,0,0,0,0,0,0,0,0,0,0,0,0,0,0,0,0,0,0,0,0,0,0,0,0,0,0,0,0,0,0,0,0,0,0,0,0,0,0,0,0,0,0,0,0,0,0,0,0,0,0,0,0,0,0,0,0,0,0,0,0,0,0,0,0,0,0,0,0,0,0,0,0,0,0,0,0,0,0,0,0,0,0,0,0,0,0,0,0,0,0,0,0,0,0,0,0,0,0,0,0,0,0,0,0,0,0,0,0,0,0,0,0,0,0,0,0,0,0,0,0,0,0,0,0,0,0,0,0,0,0,0,0,0,0,0,0,0,0,0,0,0,0,0,0,0,0,0,0,0,0,0,0,0,0,0,0,0,0,0,0,0,0,0,0,0,0,0,0,0,0,0,0,0,0,0,0,0,0,0,0,0,0,0,0,0,0,0,0,0,0,0,0,0,0,0,0,0,0,0,0,0,0,0,0,0,0,0,0,0,0,0,0,0,0,0,0,0,0,0,0,0,0,0,0,0,0,0,0,0,0,0,0
0.08381,0.08381,0.08381,0.08381,0.08381,0.08381,0.08381,0.08381,0.045714,0.045714,0.0057143,0.0057143,0.0057143,0.0057143,0.0057143,0.0057143,0.0038095,0.0038095,0.0019048,0.0019048,0,0,0,0,0,0,0,0,0,0,0,0,0,0,0,0,0,0,0,0,0,0,0,0,0,0,0,0,0,0,0,0,0,0,0,0,0,0,0,0,0,0,0,0,0,0,0,0,0,0,0,0,0,0,0,0,0,0,0,0,0,0,0,0,0,0,0,0,0,0,0,0,0,0,0,0,0,0,0,0,0,0,0,0,0,0,0,0,0,0,0,0,0,0,0,0,0,0,0,0,0,0,0,0,0,0,0,0,0,0,0,0,0,0,0,0,0,0,0,0,0,0,0,0,0,0,0,0,0,0,0,0,0,0,0,0,0,0,0,0,0,0,0,0,0,0,0,0,0,0,0,0,0,0,0,0,0,0,0,0,0,0,0,0,0,0,0,0,0,0,0,0,0,0,0,0,0,0,0,0,0,0,0,0,0,0,0,0,0,0,0,0,0,0,0,0,0,0,0,0,0,0,0,0,0,0,0,0,0,0,0,0,0,0,0,0,0,0,0,0,0,0,0,0,0,0,0,0,0,0,0,0,0,0,0,0,0,0,0,0,0,0,0,0,0,0
0.098437,0.098437,0.10469,0.10469,0.089063,0.089063,0.10469,0.10469,0.13437,0.13437,0.2,0.2,0.28594,0.28594,0.30938,0.30938,0.34063,0.34063,0.42656,0.42656,0.50781,0.50781,0.5875,0.5875,0.62187,0.62187,0.62969,0.62969,0.62031,0.62031,0.60313,0.60313,0.58437,0.58437,0.56719,0.56719,0.54531,0.54531,0.525,0.525,0.52187,0.52187,0.50469,0.50469,0.48594,0.48594,0.46563,0.46563,0.44688,0.44688,0.42812,0.42812,0.41094,0.41094,0.39844,0.39844,0.39531,0.39531,0.4,0.4,0.37969,0.37969,0.35469,0.35469,0.33281,0.33281,0.31406,0.31406,0.29844,0.29844,0.27969,0.27969,0.26406,0.26406,0.30781,0.30781,0.32812,0.32812,0.30156,0.30156,0.3125,0.3125,0.30938,0.30938,0.30938,0.30938,0.30156,0.30156,0.28906,0.28906,0.28125,0.28125,0.26875,0.26875,0.23125,0.23125,0.20156,0.20156,0.17656,0.17656,0.14688,0.14688,0.13281,0.13281,0.125,0.125,0.13437,0.13437,0.12187,0.12187,0.125,0.125,0.13281,0.13281,0.12656,0.12656,0.11875,0.11875,0.10156,0.10156,0.098437,0.098437,0.11406,0.11406,0.11094,0.11094,0.085938,0.085938,0.082812,0.082812,0.096875,0.096875,0.10625,0.10625,0.090625,0.090625,0.071875,0.071875,0.076563,0.076563,0.084375,0.084375,0.092188,0.092188,0.1,0.1,0.1125,0.1125,0.1125,0.1125,0.10625,0.10625,0.10156,0.10156,0.095312,0.095312,0.084375,0.084375,0.08125,0.08125,0.084375,0.084375,0.076563,0.076563,0.082812,0.082812,0.090625,0.090625,0.09375,0.09375,0.10156,0.10156,0.10781,0.10781,0.10625,0.10625,0.10312,0.10312,0.10312,0.10312,0.10469,0.10469,0.098437,0.098437,0.089063,0.089063,0.089063,0.089063,0.089063,0.089063,0.0875,0.0875,0.082812,0.082812,0.090625,0.090625,0.095312,0.095312,0.10312,0.10312,0.10625,0.10625,0.1125,0.1125,0.10781,0.10781,0.09375,0.09375,0.082812,0.082812,0.071875,0.071875,0.064062,0.064062,0.046875,0.046875,0.042188,0.042188,0.039062,0.039062,0.035937,0.035937,0.032813,0.032813,0.03125,0.03125,0.029687,0.029687,0.020313,0.020313,0.010937,0.010937,0,0,0,0,0,0,0,0,0,0,0,0,0,0,0,0,0,0,0,0,0,0,0,0,0,0,0,0,0,0,0,0,0,0
0.4,0.4,0.4,0.4,1,1,1,1,1,1,1,1,0.8,0.8,0.8,0.8,1,1,1,1,1,1,1,1,1,1,1,1,1,1,0.9,0.9,1,1,1,1,1,1,1,1,1,1,1,1,1,1,1,1,1,1,1,1,1,1,1,1,0.2,0.2,0.9,0.9,1,1,1,1,1,1,1,1,1,1,1,1,1,1,1,1,1,1,0.9,0.9,0.9,0.9,0.9,0.9,0.4,0.4,1,1,1,1,1,1,1,1,1,1,1,1,1,1,0.9,0.9,1,1,0.5,0.5,0.7,0.7,0.9,0.9,0.8,0.8,0.5,0.5,1,1,1,1,0.9,0.9,1,1,0.1,0.1,1,1,1,1,1,1,0.9,0.9,0.9,0.9,0.3,0.3,0.9,0.9,0.8,0.8,1,1,1,1,1,1,0.8,0.8,1,1,1,1,1,1,1,1,1,1,0.9,0.9,1,1,1,1,1,1,0.8,0.8,1,1,1,1,1,1,1,1,1,1,1,1,1,1,1,1,1,1,1,1,0.5,0.5,1,1,0.6,0.6,1,1,1,1,0.9,0.9,1,1,0.7,0.7,1,1,1,1,0.7,0.7,0.6,0.6,0.8,0.8,0.9,0.9,0.3,0.3,0.2,0.2,0.2,0.2,0.2,0.2,0.1,0.1,0.1,0.1,0.6,0.6,0.6,0.6,0.7,0.7,0,0,0,0,0,0,0,0,0,0,0,0,0,0,0,0,0,0,0,0,0,0,0,0,0,0,0,0,0,0,0,0
0.10311,0.10311,0.10311,0.10311,0.16203,0.16203,0.16203,0.16203,0.1293,0.1293,0.13093,0.13093,0.13093,0.13093,0.13093,0.13093,0.13093,0.13093,0.0982,0.0982,0.070376,0.070376,0.02946,0.02946,0.0032733,0.0032733,0.0032733,0.0032733,0.0032733,0.0032733,0.0032733,0.0032733,0.0032733,0.0032733,0.0032733,0.0032733,0.0032733,0.0032733,0.0032733,0.0032733,0.0032733,0.0032733,0.0032733,0.0032733,0.0032733,0.0032733,0.0032733,0.0032733,0.0032733,0.0032733,0.0032733,0.0032733,0.0032733,0.0032733,0.0032733,0.0032733,0,0,0,0,0,0,0,0,0,0,0,0,0,0,0,0,0,0,0,0,0,0,0,0,0,0,0,0,0,0,0,0,0,0,0,0,0,0,0,0,0,0,0,0,0,0,0,0,0,0,0,0,0,0,0,0,0,0,0,0,0,0,0,0,0,0,0,0,0,0,0,0,0,0,0,0,0,0,0,0,0,0,0,0,0,0,0,0,0,0,0,0,0,0,0,0,0,0,0,0,0,0,0,0,0,0,0,0,0,0,0,0,0,0,0,0,0,0,0,0,0,0,0,0,0,0,0,0,0,0,0,0,0,0,0,0,0,0,0,0,0,0,0,0,0,0,0,0,0,0,0,0,0,0,0,0,0,0,0,0,0,0,0,0,0,0,0,0,0,0,0,0,0,0,0,0,0,0,0,0,0,0,0,0,0,0,0,0,0,0,0,0,0,0,0,0,0,0,0,0,0,0,0,0,0,0,0,0,0,0
0.092683,0.092683,0.092683,0.092683,0.002439,0.002439,0.002439,0.002439,0.002439,0.002439,0,0,0,0,0,0,0,0,0,0,0,0,0,0,0,0,0,0,0,0,0,0,0,0,0,0,0,0,0,0,0,0,0,0,0,0,0,0,0,0,0,0,0,0,0,0,0,0,0,0,0,0,0,0,0,0,0,0,0,0,0,0,0,0,0,0,0,0,0,0,0,0,0,0,0,0,0,0,0,0,0,0,0,0,0,0,0,0,0,0,0,0,0,0,0,0,0,0,0,0,0,0,0,0,0,0,0,0,0,0,0,0,0,0,0,0,0,0,0,0,0,0,0,0,0,0,0,0,0,0,0,0,0,0,0,0,0,0,0,0,0,0,0,0,0,0,0,0,0,0,0,0,0,0,0,0,0,0,0,0,0,0,0,0,0,0,0,0,0,0,0,0,0,0,0,0,0,0,0,0,0,0,0,0,0,0,0,0,0,0,0,0,0,0,0,0,0,0,0,0,0,0,0,0,0,0,0,0,0,0,0,0,0,0,0,0,0,0,0,0,0,0,0,0,0,0,0,0,0,0,0,0,0,0,0,0,0,0,0,0,0,0,0,0,0,0,0,0,0,0,0,0,0,0,0,0
0.087324,0.087324,0.087324,0.087324,0.087324,0.087324,0.087324,0.087324,0.087324,0.087324,0.087324,0.087324,0.087324,0.087324,0.087324,0.087324,0.087324,0.087324,0.087324,0.087324,0.087324,0.087324,0.087324,0.087324,0.082629,0.082629,0.069953,0.069953,0.060563,0.060563,0.051643,0.051643,0.043662,0.043662,0.041784,0.041784,0.035681,0.035681,0.025822,0.025822,0.016901,0.016901,0.0075117,0.0075117,0,0,0,0,0,0,0,0,0,0,0,0,0,0,0,0,0,0,0,0,0,0,0,0,0,0,0,0,0,0,0,0,0,0,0,0,0,0,0,0,0,0,0,0,0,0,0,0,0,0,0,0,0,0,0,0,0,0,0,0,0,0,0,0,0,0,0,0,0,0,0,0,0,0,0,0,0,0,0,0,0,0,0,0,0,0,0,0,0,0,0,0,0,0,0,0,0,0,0,0,0,0,0,0,0,0,0,0,0,0,0,0,0,0,0,0,0,0,0,0,0,0,0,0,0,0,0,0,0,0,0,0,0,0,0,0,0,0,0,0,0,0,0,0,0,0,0,0,0,0,0,0,0,0,0,0,0,0,0,0,0,0,0,0,0,0,0,0,0,0,0,0,0,0,0,0,0,0,0,0,0,0,0,0,0,0,0,0,0,0,0,0,0,0,0,0,0,0,0,0,0,0,0,0,0,0,0,0,0,0,0,0,0,0,0,0,0,0,0,0,0,0
0,0,0,0,1,1,1,1,1,1,1,1,1,1,1,1,1,1,1,1,1,1,0.9,0.9,0.9,0.9,0.9,0.9,0.9,0.9,0.9,0.9,1,1,1,1,1,1,1,1,1,1,1,1,0.6,0.6,0.6,0.6,0.9,0.9,0.9,0.9,0.9,0.9,0.9,0.9,0.9,0.9,0.9,0.9,0.9,0.9,0.9,0.9,0.9,0.9,0,0,0,0,0,0,0,0,0,0,0,0,0,0,0,0,0.3,0.3,0.2,0.2,0.7,0.7,0.3,0.3,0.2,0.2,0.5,0.5,0.2,0.2,0,0,0,0,0,0,0,0,0,0,0,0,0,0,0,0,0,0,0,0,0,0,0,0,0,0,0,0,0,0,0,0,0,0,0,0,0,0,0,0,0,0,0,0,0,0,0,0,0,0,0,0,0,0,0,0,0,0,0,0,0,0,0,0,0,0,0,0,0,0,0,0,0,0,0,0,0,0,0,0,0,0,0,0,0,0,0,0,0,0,0,0,0,0,0,0,0,0,0,0,0,0,0,0,0,0,0,0,0,0,0,0,0,0,0,0,0,0,0,0,0,0,0,0,0,0,0,0,0,0,0,0,0,0,0,0,0,0,0,0,0,0,0,0,0,0,0,0,0,0,0,0,0,0,0,0,0,0,0,0,0,0,0,0,0,0,0,0,0,0
0.075269,0.075269,0.075269,0.075269,0.075269,0.075269,0.075269,0.075269,0.075269,0.075269,0.041667,0.041667,0.0067204,0.0067204,0.0067204,0.0067204,0.0067204,0.0067204,0.0067204,0.0067204,0.0067204,0.0067204,0.0067204,0.0067204,0.0013441,0.0013441,0,0,0,0,0,0,0,0,0,0,0,0,0,0,0,0,0,0,0,0,0,0,0,0,0,0,0,0,0,0,0,0,0,0,0,0,0,0,0,0,0,0,0,0,0,0,0,0,0,0,0,0,0,0,0,0,0,0,0,0,0,0,0,0,0,0,0,0,0,0,0,0,0,0,0,0,0,0,0,0,0,0,0,0,0,0,0,0,0,0,0,0,0,0,0,0,0,0,0,0,0,0,0,0,0,0,0,0,0,0,0,0,0,0,0,0,0,0,0,0,0,0,0,0,0,0,0,0,0,0,0,0,0,0,0,0,0,0,0,0,0,0,0,0,0,0,0,0,0,0,0,0,0,0,0,0,0,0,0,0,0,0,0,0,0,0,0,0,0,0,0,0,0,0,0,0,0,0,0,0,0,0,0,0,0,0,0,0,0,0,0,0,0,0,0,0,0,0,0,0,0,0,0,0,0,0,0,0,0,0,0,0,0,0,0,0,0,0,0,0,0,0,0,0,0,0,0,0,0,0,0,0,0,0,0,0,0,0,0,0
0.073996,0.073996,0.073996,0.073996,0.073996,0.073996,0.073996,0.073996,0.073996,0.073996,0.073996,0.073996,0.073996,0.073996,0.073996,0.073996,0.073996,0.073996,0.059197,0.059197,0.04482,0.04482,0.030444,0.030444,0.016068,0.016068,0.012685,0.012685,0.010148,0.010148,0.010148,0.010148,0.010148,0.010148,0.010148,0.010148,0.0088795,0.0088795,0.0080338,0.0080338,0.005074,0.005074,0.0038055,0.0038055,0.0029598,0.0029598,0.00084567,0.00084567,0,0,0,0,0,0,0,0,0,0,0,0,0,0,0,0,0,0,0,0,0,0,0,0,0,0,0,0,0,0,0,0,0,0,0,0,0,0,0,0,0,0,0,0,0,0,0,0,0,0,0,0,0,0,0,0,0,0,0,0,0,0,0,0,0,0,0,0,0,0,0,0,0,0,0,0,0,0,0,0,0,0,0,0,0,0,0,0,0,0,0,0,0,0,0,0,0,0,0,0,0,0,0,0,0,0,0,0,0,0,0,0,0,0,0,0,0,0,0,0,0,0,0,0,0,0,0,0,0,0,0,0,0,0,0,0,0,0,0,0,0,0,0,0,0,0,0,0,0,0,0,0,0,0,0,0,0,0,0,0,0,0,0,0,0,0,0,0,0,0,0,0,0,0,0,0,0,0,0,0,0,0,0,0,0,0,0,0,0,0,0,0,0,0,0,0,0,0,0,0,0,0,0,0,0,0,0,0,0,0,0,0,0,0,0,0,0,0
0.089362,0.089362,0.089362,0.089362,0.0074468,0.0074468,0.0031915,0.0031915,0,0,0,0,0,0,0,0,0,0,0,0,0,0,0,0,0,0,0,0,0,0,0,0,0,0,0,0,0,0,0,0,0,0,0,0,0,0,0,0,0,0,0,0,0,0,0,0,0,0,0,0,0,0,0,0,0,0,0,0,0,0,0,0,0,0,0,0,0,0,0,0,0,0,0,0,0,0,0,0,0,0,0,0,0,0,0,0,0,0,0,0,0,0,0,0,0,0,0,0,0,0,0,0,0,0,0,0,0,0,0,0,0,0,0,0,0,0,0,0,0,0,0,0,0,0,0,0,0,0,0,0,0,0,0,0,0,0,0,0,0,0,0,0,0,0,0,0,0,0,0,0,0,0,0,0,0,0,0,0,0,0,0,0,0,0,0,0,0,0,0,0,0,0,0,0,0,0,0,0,0,0,0,0,0,0,0,0,0,0,0,0,0,0,0,0,0,0,0,0,0,0,0,0,0,0,0,0,0,0,0,0,0,0,0,0,0,0,0,0,0,0,0,0,0,0,0,0,0,0,0,0,0,0,0,0,0,0,0,0,0,0,0,0,0,0,0,0,0,0,0,0,0,0,0,0,0,0
0.091892,0.091892,0.091892,0.091892,0.091892,0.091892,0.043243,0.043243,0.010811,0.010811,0.010811,0.010811,0.009009,0.009009,0.0054054,0.0054054,0,0,0,0,0,0,0,0,0,0,0,0,0,0,0,0,0,0,0,0,0,0,0,0,0,0,0,0,0,0,0,0,0,0,0,0,0,0,0,0,0,0,0,0,0,0,0,0,0,0,0,0,0,0,0,0,0,0,0,0,0,0,0,0,0,0,0,0,0,0,0,0,0,0,0,0,0,0,0,0,0,0,0,0,0,0,0,0,0,0,0,0,0,0,0,0,0,0,0,0,0,0,0,0,0,0,0,0,0,0,0,0,0,0,0,0,0,0,0,0,0,0,0,0,0,0,0,0,0,0,0,0,0,0,0,0,0,0,0,0,0,0,0,0,0,0,0,0,0,0,0,0,0,0,0,0,0,0,0,0,0,0,0,0,0,0,0,0,0,0,0,0,0,0,0,0,0,0,0,0,0,0,0,0,0,0,0,0,0,0,0,0,0,0,0,0,0,0,0,0,0,0,0,0,0,0,0,0,0,0,0,0,0,0,0,0,0,0,0,0,0,0,0,0,0,0,0,0,0,0,0,0,0,0,0,0,0,0,0,0,0,0,0,0,0,0,0,0,0,0
0.070637,0.070637,0.070637,0.070637,0.070637,0.070637,0.070637,0.070637,0.070637,0.070637,0.070637,0.070637,0.070637,0.070637,0.070637,0.070637,0.070637,0.070637,0.070637,0.070637,0.070637,0.070637,0.070637,0.070637,0.066944,0.066944,0.058864,0.058864,0.053786,0.053786,0.043398,0.043398,0.026777,0.026777,0.01916,0.01916,0.0073869,0.0073869,0.0046168,0.0046168,0.0046168,0.0046168,0.0046168,0.0046168,0.0046168,0.0046168,0.0046168,0.0046168,0.0046168,0.0046168,0.0046168,0.0046168,0.0032318,0.0032318,0.0025392,0.0025392,0.0016159,0.0016159,0.001385,0.001385,0.00092336,0.00092336,0.00023084,0.00023084,0,0,0,0,0,0,0,0,0,0,0,0,0,0,0,0,0,0,0,0,0,0,0,0,0,0,0,0,0,0,0,0,0,0,0,0,0,0,0,0,0,0,0,0,0,0,0,0,0,0,0,0,0,0,0,0,0,0,0,0,0,0,0,0,0,0,0,0,0,0,0,0,0,0,0,0,0,0,0,0,0,0,0,0,0,0,0,0,0,0,0,0,0,0,0,0,0,0,0,0,0,0,0,0,0,0,0,0,0,0,0,0,0,0,0,0,0,0,0,0,0,0,0,0,0,0,0,0,0,0,0,0,0,0,0,0,0,0,0,0,0,0,0,0,0,0,0,0,0,0,0,0,0,0,0,0,0,0,0,0,0,0,0,0,0,0,0,0,0,0,0,0,0,0,0,0,0,0,0,0,0,0,0,0,0,0,0,0,0,0,0,0,0,0,0,0,0,0,0,0,0,0
0.086957,0.086957,0.086957,0.086957,0.099517,0.099517,0.090821,0.090821,0.021256,0.021256,0.041063,0.041063,0.05942,0.05942,0.057488,0.057488,0.055072,0.055072,0.050725,0.050725,0.042512,0.042512,0.044444,0.044444,0.044928,0.044928,0.045411,0.045411,0.045411,0.045411,0.045411,0.045411,0.063768,0.063768,0.042029,0.042029,0.042029,0.042029,0.041063,0.041063,0.041063,0.041063,0.041063,0.041063,0.041063,0.041063,0.036715,0.036715,0.028019,0.028019,0.0028986,0.0028986,0.0014493,0.0014493,0.00048309,0.00048309,0,0,0,0,0,0,0,0,0.0019324,0.0019324,0.0028986,0.0028986,0.0038647,0.0038647,0.0043478,0.0043478,0.0043478,0.0043478,0.0043478,0.0043478,0.0043478,0.0043478,0.0043478,0.0043478,0.0043478,0.0043478,0.0043478,0.0043478,0.0043478,0.0043478,0.0043478,0.0043478,0.0043478,0.0043478,0.0043478,0.0043478,0.0043478,0.0043478,0.0024155,0.0024155,0.0014493,0.0014493,0.00048309,0.00048309,0,0,0,0,0,0,0,0,0,0,0,0,0,0,0,0,0,0,0,0,0,0,0,0,0,0,0,0,0,0,0,0,0,0,0,0,0,0,0,0,0,0,0,0,0,0,0,0,0,0,0,0,0,0,0,0,0,0,0,0,0,0,0,0,0,0,0,0,0,0,0,0,0,0,0,0,0,0,0,0,0,0,0,0,0,0,0,0,0,0,0,0,0,0,0,0,0,0,0,0,0,0,0,0,0,0,0,0,0,0,0,0,0,0,0,0,0,0,0,0,0,0,0,0,0,0,0,0,0,0,0,0,0,0,0,0,0,0,0,0,0,0,0,0,0,0,0,0,0,0,0,0,0,0,0,0,0,0,0,0,0,0,0,0,0,0
0.1,0.1,0.1,0.1,0.01,0.01,0.01,0.01,0.005,0.005,0,0,0,0,0,0,0,0,0,0,0,0,0,0,0,0,0,0,0,0,0,0,0,0,0,0,0,0,0,0,0,0,0,0,0,0,0,0,0,0,0,0,0,0,0,0,0,0,0,0,0,0,0,0,0,0,0,0,0,0,0,0,0,0,0,0,0,0,0,0,0,0,0,0,0,0,0,0,0,0,0,0,0,0,0,0,0,0,0,0,0,0,0,0,0,0,0,0,0,0,0,0,0,0,0,0,0,0,0,0,0,0,0,0,0,0,0,0,0,0,0,0,0,0,0,0,0,0,0,0,0,0,0,0,0,0,0,0,0,0,0,0,0,0,0,0,0,0,0,0,0,0,0,0,0,0,0,0,0,0,0,0,0,0,0,0,0,0,0,0,0,0,0,0,0,0,0,0,0,0,0,0,0,0,0,0,0,0,0,0,0,0,0,0,0,0,0,0,0,0,0,0,0,0,0,0,0,0,0,0,0,0,0,0,0,0,0,0,0,0,0,0,0,0,0,0,0,0,0,0,0,0,0,0,0,0,0,0,0,0,0,0,0,0,0,0,0,0,0,0,0,0,0,0,0,0
0.075163,0.075163,0.075163,0.075163,0.075163,0.075163,0.075163,0.075163,0.10621,0.10621,0.10539,0.10539,0.069444,0.069444,0.069444,0.069444,0.072712,0.072712,0.074346,0.074346,0.07598,0.07598,0.073529,0.073529,0.072712,0.072712,0.071895,0.071895,0.071895,0.071895,0.071895,0.071895,0.04085,0.04085,0.0073529,0.0073529,0.0073529,0.0073529,0.0073529,0.0073529,0.0073529,0.0073529,0.0073529,0.0073529,0.0073529,0.0073529,0.0073529,0.0073529,0.0073529,0.0073529,0.0073529,0.0073529,0.0073529,0.0073529,0.0073529,0.0073529,0.0073529,0.0073529,0.0073529,0.0073529,0.0073529,0.0073529,0.0073529,0.0073529,0.004085,0.004085,0.002451,0.002451,0.00081699,0.00081699,0,0,0,0,0,0,0,0,0,0,0,0,0,0,0,0,0,0,0,0,0,0,0,0,0,0,0,0,0,0,0,0,0,0,0,0,0,0,0,0,0,0,0,0,0,0,0,0,0,0,0,0,0,0,0,0,0,0,0,0,0,0,0,0,0,0,0,0,0,0,0,0,0,0,0,0,0,0,0,0,0,0,0,0,0,0,0,0,0,0,0,0,0,0,0,0,0,0,0,0,0,0,0,0,0,0,0,0,0,0,0,0,0,0,0,0,0,0,0,0,0,0,0,0,0,0,0,0,0,0,0,0,0,0,0,0,0,0,0,0,0,0,0,0,0,0,0,0,0,0,0,0,0,0,0,0,0,0,0,0,0,0,0,0,0,0,0,0,0,0,0,0,0,0,0,0,0,0,0,0,0,0,0,0,0,0,0,0,0,0,0,0,0,0,0,0
0.0875,0.0875,0.0875,0.0875,0.046875,0.046875,0.00625,0.00625,0.003125,0.003125,0,0,0,0,0,0,0,0,0,0,0,0,0,0,0,0,0,0,0,0,0,0,0,0,0,0,0,0,0,0,0,0,0,0,0,0,0,0,0,0,0,0,0,0,0,0,0,0,0,0,0,0,0,0,0,0,0,0,0,0,0,0,0,0,0,0,0,0,0,0,0,0,0,0,0,0,0,0,0,0,0,0,0,0,0,0,0,0,0,0,0,0,0,0,0,0,0,0,0,0,0,0,0,0,0,0,0,0,0,0,0,0,0,0,0,0,0,0,0,0,0,0,0,0,0,0,0,0,0,0,0,0,0,0,0,0,0,0,0,0,0,0,0,0,0,0,0,0,0,0,0,0,0,0,0,0,0,0,0,0,0,0,0,0,0,0,0,0,0,0,0,0,0,0,0,0,0,0,0,0,0,0,0,0,0,0,0,0,0,0,0,0,0,0,0,0,0,0,0,0,0,0,0,0,0,0,0,0,0,0,0,0,0,0,0,0,0,0,0,0,0,0,0,0,0,0,0,0,0,0,0,0,0,0,0,0,0,0,0,0,0,0,0,0,0,0,0,0,0,0,0,0,0,0,0,0
0.08381,0.08381,0.08381,0.08381,0.08381,0.08381,0.08381,0.08381,0.047619,0.047619,0.0085714,0.0085714,0.0085714,0.0085714,0.0085714,0.0085714,0.0047619,0.0047619,0.0028571,0.0028571,0.00095238,0.00095238,0,0,0,0,0,0,0,0,0,0,0,0,0,0,0,0,0,0,0,0,0,0,0,0,0,0,0,0,0,0,0,0,0,0,0,0,0,0,0,0,0,0,0,0,0,0,0,0,0,0,0,0,0,0,0,0,0,0,0,0,0,0,0,0,0,0,0,0,0,0,0,0,0,0,0,0,0,0,0,0,0,0,0,0,0,0,0,0,0,0,0,0,0,0,0,0,0,0,0,0,0,0,0,0,0,0,0,0,0,0,0,0,0,0,0,0,0,0,0,0,0,0,0,0,0,0,0,0,0,0,0,0,0,0,0,0,0,0,0,0,0,0,0,0,0,0,0,0,0,0,0,0,0,0,0,0,0,0,0,0,0,0,0,0,0,0,0,0,0,0,0,0,0,0,0,0,0,0,0,0,0,0,0,0,0,0,0,0,0,0,0,0,0,0,0,0,0,0,0,0,0,0,0,0,0,0,0,0,0,0,0,0,0,0,0,0,0,0,0,0,0,0,0,0,0,0,0,0,0,0,0,0,0,0,0,0,0,0,0,0,0,0,0,0
0.10667,0.10667,0.10667,0.10667,0.17,0.17,0.23333,0.23333,0.26667,0.26667,0.32333,0.32333,0.38333,0.38333,0.43667,0.43667,0.53,0.53,0.62333,0.62333,0.61333,0.61333,0.63,0.63,0.73333,0.73333,0.75,0.75,0.73333,0.73333,0.71,0.71,0.68667,0.68667,0.66667,0.66667,0.64333,0.64333,0.62,0.62,0.58333,0.58333,0.58,0.58,0.58333,0.58333,0.53,0.53,0.52667,0.52667,0.53,0.53,0.53333,0.53333,0.53667,0.53667,0.53667,0.53667,0.50667,0.50667,0.44333,0.44333,0.44333,0.44333,0.44333,0.44333,0.44667,0.44667,0.45,0.45,0.46667,0.46667,0.48667,0.48667,0.54333,0.54333,0.57667,0.57667,0.55333,0.55333,0.52,0.52,0.51667,0.51667,0.5,0.5,0.46333,0.46333,0.43333,0.43333,0.42,0.42,0.42,0.42,0.44667,0.44667,0.51,0.51,0.53667,0.53667,0.56,0.56,0.58333,0.58333,0.60667,0.60667,0.57,0.57,0.53333,0.53333,0.49667,0.49667,0.47333,0.47333,0.41667,0.41667,0.38,0.38,0.31,0.31,0.25667,0.25667,0.26333,0.26333,0.29,0.29,0.35333,0.35333,0.35333,0.35333,0.31,0.31,0.26333,0.26333,0.30333,0.30333,0.34667,0.34667,0.37333,0.37333,0.32333,0.32333,0.26,0.26,0.24,0.24,0.24333,0.24333,0.26333,0.26333,0.22,0.22,0.18,0.18,0.19,0.19,0.2,0.2,0.22,0.22,0.22667,0.22667,0.26667,0.26667,0.25333,0.25333,0.22667,0.22667,0.19,0.19,0.16667,0.16667,0.15667,0.15667,0.15333,0.15333,0.16,0.16,0.13667,0.13667,0.13333,0.13333,0.13333,0.13333,0.14667,0.14667,0.15333,0.15333,0.15,0.15,0.13333,0.13333,0.12333,0.12333,0.12,0.12,0.12333,0.12333,0.12,0.12,0.12,0.12,0.13,0.13,0.13333,0.13333,0.15,0.15,0.17667,0.17667,0.21333,0.21333,0.23,0.23,0.23,0.23,0.23,0.23,0.21,0.21,0.20333,0.20333,0.17667,0.17667,0.15,0.15,0.11667,0.11667,0.10333,0.10333,0.11,0.11,0.12333,0.12333,0.14,0.14,0.13333,0.13333,0.12,0.12,0.10667,0.10667,0.10333,0.10333,0.10333,0.10333,0.09,0.09,0.09,0.09,0.083333,0.083333,0.076667,0.076667,0.07,0.07,0.066667,0.066667,0.063333,0.063333,0.043333,0.043333,0.023333,0.023333,0,0
0.1,0.1,0.1,0.1,0.11,0.11,0.205,0.205,0.38,0.38,0.51,0.51,0.64,0.64,0.645,0.645,0.6,0.6,0.62,0.62,0.555,0.555,0.55,0.55,0.55,0.55,0.57,0.57,0.535,0.535,0.605,0.605,0.665,0.665,0.66,0.66,0.62,0.62,0.63,0.63,0.635,0.635,0.645,0.645,0.66,0.66,0.69,0.69,0.615,0.615,0.58,0.58,0.54,0.54,0.545,0.545,0.585,0.585,0.63,0.63,0.665,0.665,0.69,0.69,0.73,0.73,0.695,0.695,0.615,0.615,0.43,0.43,0.32,0.32,0.22,0.22,0.09,0.09,0.085,0.085,0.01,0.01,0.005,0.005,0.025,0.025,0.05,0.05,0.1,0.1,0.13,0.13,0.17,0.17,0.21,0.21,0.22,0.22,0.22,0.22,0.22,0.22,0.22,0.22,0.2,0.2,0.17,0.17,0.12,0.12,0.09,0.09,0.05,0.05,0.01,0.01,0,0,0,0,0,0,0,0,0,0,0,0,0,0,0,0,0,0,0,0,0,0,0,0,0,0,0,0,0,0,0,0,0,0,0,0,0,0,0,0,0,0,0,0,0,0,0,0,0,0,0,0,0,0,0,0,0,0,0,0,0,0,0,0,0,0,0,0,0,0,0,0,0,0,0,0,0,0,0,0,0,0,0,0,0,0,0,0,0,0,0,0,0,0,0,0,0,0,0,0,0,0,0,0,0,0,0,0,0,0,0,0,0,0,0,0,0,0,0,0,0,0,0,0,0,0,0,0,0,0,0,0,0,0,0,0,0,0,0,0,0,0,0,0,0,0,0,0,0,0
0.0875,0.0875,0.0875,0.0875,0.18594,0.18594,0.14062,0.14062,0.11563,0.11563,0.2,0.2,0.26719,0.26719,0.24531,0.24531,0.20312,0.20312,0.16562,0.16562,0.12812,0.12812,0.084375,0.084375,0.048438,0.048438,0.01875,0.01875,0.01875,0.01875,0.01875,0.01875,0.01875,0.01875,0.01875,0.01875,0.01875,0.01875,0.01875,0.01875,0.01875,0.01875,0.01875,0.01875,0.01875,0.01875,0.01875,0.01875,0.01875,0.01875,0.01875,0.01875,0.01875,0.01875,0.01875,0.01875,0.014063,0.014063,0,0,0,0,0,0,0,0,0,0,0,0,0,0,0,0,0,0,0,0,0,0,0,0,0,0,0,0,0,0,0,0,0,0,0,0,0,0,0,0,0,0,0,0,0,0,0,0,0,0,0,0,0,0,0,0,0,0,0,0,0,0,0,0,0,0,0,0,0,0,0,0,0,0,0,0,0,0,0,0,0,0,0,0,0,0,0,0,0,0,0,0,0,0,0,0,0,0,0,0,0,0,0,0,0,0,0,0,0,0,0,0,0,0,0,0,0,0,0,0,0,0,0,0,0,0,0,0,0,0,0,0,0,0,0,0,0,0,0,0,0,0,0,0,0,0,0,0,0,0,0,0,0,0,0,0,0,0,0,0,0,0,0,0,0,0,0,0,0,0,0,0,0,0,0,0,0,0,0,0,0,0,0,0,0,0,0,0,0,0,0,0,0,0,0,0,0,0,0,0,0,0,0,0,0,0,0,0
0.10311,0.10311,0.10311,0.10311,0.14566,0.14566,0.12439,0.12439,0.07365,0.07365,0.076923,0.076923,0.076923,0.076923,0.076923,0.076923,0.076923,0.076923,0.085106,0.085106,0.085106,0.085106,0.085106,0.085106,0.085106,0.085106,0.085106,0.085106,0.15057,0.15057,0.21604,0.21604,0.27005,0.27005,0.30933,0.30933,0.32242,0.32242,0.31915,0.31915,0.31588,0.31588,0.29133,0.29133,0.2766,0.2766,0.19313,0.19313,0.086743,0.086743,0.052373,0.052373,0.052373,0.052373,0.052373,0.052373,0.052373,0.052373,0.05401,0.05401,0.060556,0.060556,0.065466,0.065466,0.070376,0.070376,0.027823,0.027823,0.032733,0.032733,0.032733,0.032733,0.032733,0.032733,0.032733,0.032733,0.032733,0.032733,0.032733,0.032733,0.032733,0.032733,0.032733,0.032733,0.031097,0.031097,0.02455,0.02455,0.01964,0.01964,0.01473,0.01473,0.00491,0.00491,0,0,0,0,0,0,0,0,0,0,0,0,0,0,0,0,0,0,0,0,0,0,0,0,0,0,0,0,0,0,0,0,0,0,0,0,0,0,0,0,0,0,0,0,0,0,0,0,0,0,0,0,0,0,0,0,0,0,0,0,0,0,0,0,0,0,0,0,0,0,0,0,0,0,0,0,0,0,0,0,0,0,0,0,0,0,0,0,0,0,0,0,0,0,0,0,0,0,0,0,0,0,0,0,0,0,0,0,0,0,0,0,0,0,0,0,0,0,0,0,0,0,0,0,0,0,0,0,0,0,0,0,0,0,0,0,0,0,0,0,0,0,0,0,0,0,0,0,0,0,0,0,0,0,0,0,0,0,0,0,0,0,0,0,0,0,0,0,0,0,0,0
0.092683,0.092683,0.092683,0.092683,0.012195,0.012195,0.012195,0.012195,0.004878,0.004878,0,0,0,0,0,0,0,0,0.097561,0.097561,0.19512,0.19512,0.27561,0.27561,0.34146,0.34146,0.36585,0.36585,0.26829,0.26829,0.17073,0.17073,0.090244,0.090244,0.02439,0.02439,0,0,0.002439,0.002439,0.012195,0.012195,0.019512,0.019512,0.026829,0.026829,0.041463,0.041463,0.04878,0.04878,0.04878,0.04878,0.04878,0.04878,0.04878,0.04878,0.04878,0.04878,0.046341,0.046341,0.036585,0.036585,0.029268,0.029268,0.021951,0.021951,0.0073171,0.0073171,0,0,0,0,0,0,0,0,0,0,0,0,0,0,0,0,0,0,0,0,0,0,0,0,0,0,0,0,0,0,0,0,0,0,0,0,0,0,0,0,0,0,0,0,0,0,0,0,0,0,0,0,0,0,0,0,0,0,0,0,0,0,0,0,0,0,0,0,0,0,0,0,0,0,0,0,0,0,0,0,0,0,0,0,0,0,0,0,0,0,0,0,0,0,0,0,0,0,0,0,0,0,0,0,0,0,0,0,0,0,0,0,0,0,0,0,0,0,0,0,0,0,0,0,0,0,0,0,0,0,0,0,0,0,0,0,0,0,0,0,0,0,0,0,0,0,0,0,0,0,0,0,0,0,0,0,0,0,0,0,0,0,0,0,0,0,0,0,0,0,0,0,0,0,0,0,0,0,0,0,0,0,0,0,0,0,0,0,0,0,0,0,0,0,0,0,0,0
0.089362,0.089362,0.089362,0.089362,0.089362,0.089362,0.089362,0.089362,0.052482,0.052482,0.015603,0.015603,0.011348,0.011348,0.011348,0.011348,0.011348,0.011348,0.011348,0.011348,0.011348,0.011348,0.011348,0.011348,0.011348,0.011348,0.011348,0.011348,0.011348,0.011348,0.011348,0.011348,0.011348,0.011348,0.011348,0.011348,0.011348,0.011348,0.011348,0.011348,0.011348,0.011348,0.011348,0.011348,0.011348,0.011348,0,0,0,0,0,0,0,0,0,0,0,0,0,0,0,0,0,0,0,0,0,0,0,0,0,0,0,0,0,0,0,0,0,0,0,0,0,0,0,0,0,0,0,0,0,0,0,0,0,0,0,0,0,0,0,0,0,0,0,0,0,0,0,0,0,0,0,0,0,0,0,0,0,0,0,0,0,0,0,0,0,0,0,0,0,0,0,0,0,0,0,0,0,0,0,0,0,0,0,0,0,0,0,0,0,0,0,0,0,0,0,0,0,0,0,0,0,0,0,0,0,0,0,0,0,0,0,0,0,0,0,0,0,0,0,0,0,0,0,0,0,0,0,0,0,0,0,0,0,0,0,0,0,0,0,0,0,0,0,0,0,0,0,0,0,0,0,0,0,0,0,0,0,0,0,0,0,0,0,0,0,0,0,0,0,0,0,0,0,0,0,0,0,0,0,0,0,0,0,0,0,0,0,0,0,0,0,0,0,0,0,0,0,0,0,0,0,0,0,0
0.090476,0.090476,0.090476,0.090476,0.12381,0.12381,0.21905,0.21905,0.29286,0.29286,0.29762,0.29762,0.25238,0.25238,0.21667,0.21667,0.2,0.2,0.15714,0.15714,0.15476,0.15476,0.15476,0.15476,0.15476,0.15476,0.15476,0.15476,0.15476,0.15476,0.11667,0.11667,0.078571,0.078571,0.042857,0.042857,0.042857,0.042857,0.042857,0.042857,0.042857,0.042857,0.042857,0.042857,0.040476,0.040476,0.033333,0.033333,0.033333,0.033333,0,0,0,0,0,0,0,0,0,0,0,0,0,0,0,0,0,0,0,0,0,0,0,0,0,0,0,0,0,0,0,0,0,0,0,0,0,0,0,0,0,0,0,0,0,0,0,0,0,0,0,0,0,0,0,0,0,0,0,0,0,0,0,0,0,0,0,0,0,0,0,0,0,0,0,0,0,0,0,0,0,0,0,0,0,0,0,0,0,0,0,0,0,0,0,0,0,0,0,0,0,0,0,0,0,0,0,0,0,0,0,0,0,0,0,0,0,0,0,0,0,0,0,0,0,0,0,0,0,0,0,0,0,0,0,0,0,0,0,0,0,0,0,0,0,0,0,0,0,0,0,0,0,0,0,0,0,0,0,0,0,0,0,0,0,0,0,0,0,0,0,0,0,0,0,0,0,0,0,0,0,0,0,0,0,0,0,0,0,0,0,0,0,0,0,0,0,0,0,0,0,0,0,0,0,0,0,0,0,0,0,0,0,0,0,0
0.075269,0.075269,0.075269,0.075269,0.075269,0.075269,0.075269,0.075269,0.075269,0.075269,0.038306,0.038306,0.0060484,0.0060484,0.0060484,0.0060484,0.0060484,0.0060484,0.0060484,0.0060484,0.0060484,0.0060484,0.0053763,0.0053763,0.0026882,0.0026882,0,0,0,0,0,0,0,0,0,0,0,0,0,0,0,0,0,0,0,0,0,0,0,0,0,0,0,0,0,0,0,0,0,0,0,0,0,0,0,0,0,0,0,0,0,0,0,0,0,0,0,0,0,0,0,0,0,0,0,0,0,0,0,0,0,0,0,0,0,0,0,0,0,0,0,0,0,0,0,0,0,0,0,0,0,0,0,0,0,0,0,0,0,0,0,0,0,0,0,0,0,0,0,0,0,0,0,0,0,0,0,0,0,0,0,0,0,0,0,0,0,0,0,0,0,0,0,0,0,0,0,0,0,0,0,0,0,0,0,0,0,0,0,0,0,0,0,0,0,0,0,0,0,0,0,0,0,0,0,0,0,0,0,0,0,0,0,0,0,0,0,0,0,0,0,0,0,0,0,0,0,0,0,0,0,0,0,0,0,0,0,0,0,0,0,0,0,0,0,0,0,0,0,0,0,0,0,0,0,0,0,0,0,0,0,0,0,0,0,0,0,0,0,0,0,0,0,0,0,0,0,0,0,0,0,0,0,0,0,0
0.073996,0.073996,0.073996,0.073996,0.073996,0.073996,0.073996,0.073996,0.073996,0.073996,0.073996,0.073996,0.073996,0.073996,0.073996,0.073996,0.073996,0.073996,0.054968,0.054968,0.038055,0.038055,0.024101,0.024101,0.012685,0.012685,0.0084567,0.0084567,0.0084567,0.0084567,0.0084567,0.0084567,0.0084567,0.0084567,0.0084567,0.0084567,0.0084567,0.0084567,0.0080338,0.0080338,0.0063425,0.0063425,0.005074,0.005074,0.0038055,0.0038055,0.0012685,0.0012685,0,0,0,0,0,0,0,0,0,0,0,0,0,0,0,0,0,0,0,0,0,0,0,0,0,0,0,0,0,0,0,0,0,0,0,0,0,0,0,0,0,0,0,0,0,0,0,0,0,0,0,0,0,0,0,0,0,0,0,0,0,0,0,0,0,0,0,0,0,0,0,0,0,0,0,0,0,0,0,0,0,0,0,0,0,0,0,0,0,0,0,0,0,0,0,0,0,0,0,0,0,0,0,0,0,0,0,0,0,0,0,0,0,0,0,0,0,0,0,0,0,0,0,0,0,0,0,0,0,0,0,0,0,0,0,0,0,0,0,0,0,0,0,0,0,0,0,0,0,0,0,0,0,0,0,0,0,0,0,0,0,0,0,0,0,0,0,0,0,0,0,0,0,0,0,0,0,0,0,0,0,0,0,0,0,0,0,0,0,0,0,0,0,0,0,0,0,0,0,0,0,0,0,0,0,0,0,0,0,0,0,0,0,0,0,0,0,0
0.10549,0.10549,0.10549,0.10549,0.074725,0.074725,0.046154,0.046154,0.017582,0.017582,0.013187,0.013187,0.0065934,0.0065934,0,0,0,0,0,0,0,0,0,0,0,0,0,0,0,0,0,0,0,0,0,0,0,0,0,0,0,0,0,0,0,0,0,0,0,0,0,0,0,0,0,0,0,0,0,0,0,0,0,0,0,0,0,0,0,0,0,0,0,0,0,0,0,0,0,0,0,0,0,0,0,0,0,0,0,0,0,0,0,0,0,0,0,0,0,0,0,0,0,0,0,0,0,0,0,0,0,0,0,0,0,0,0,0,0,0,0,0,0,0,0,0,0,0,0,0,0,0,0,0,0,0,0,0,0,0,0,0,0,0,0,0,0,0,0,0,0,0,0,0,0,0,0,0,0,0,0,0,0,0,0,0,0,0,0,0,0,0,0,0,0,0,0,0,0,0,0,0,0,0,0,0,0,0,0,0,0,0,0,0,0,0,0,0,0,0,0,0,0,0,0,0,0,0,0,0,0,0,0,0,0,0,0,0,0,0,0,0,0,0,0,0,0,0,0,0,0,0,0,0,0,0,0,0,0,0,0,0,0,0,0,0,0,0,0,0,0,0,0,0,0,0,0,0,0,0,0,0,0,0,0,0
